SubGroup_Code,Description,Weight,CPI,Date
1.1.01,Cereals and products,9.67,129.8,2016-09-01
1.1.01,Cereals and products,9.67,130.5,2016-10-01
1.1.01,Cereals and products,9.67,131.5,2016-11-01
1.1.01,Cereals and products,9.67,132.3,2016-12-01
1.1.01,Cereals and products,9.67,132.7,2017-01-01
1.1.01,Cereals and products,9.67,133.1,2017-02-01
1.1.01,Cereals and products,9.67,133.3,2017-03-01
1.1.01,Cereals and products,9.67,133.0,2017-04-01
1.1.01,Cereals and products,9.67,132.9,2017-05-01
1.1.01,Cereals and products,9.67,133.3,2017-06-01
1.1.01,Cereals and products,9.67,133.6,2017-07-01
1.1.01,Cereals and products,9.67,134.3,2017-08-01
1.1.01,Cereals and products,9.67,134.7,2017-09-01
1.1.01,Cereals and products,9.67,135.3,2017-10-01
1.1.01,Cereals and products,9.67,135.7,2017-11-01
1.1.01,Cereals and products,9.67,135.7,2017-12-01
1.1.01,Cereals and products,9.67,135.9,2018-01-01
1.1.01,Cereals and products,9.67,135.9,2018-02-01
1.1.01,Cereals and products,9.67,136.2,2018-03-01
1.1.01,Cereals and products,9.67,136.6,2018-05-01
1.1.01,Cereals and products,9.67,136.9,2018-06-01
1.1.01,Cereals and products,9.67,137.5,2018-07-01
1.1.01,Cereals and products,9.67,138.3,2018-08-01
1.1.01,Cereals and products,9.67,138.8,2018-10-01
1.1.01,Cereals and products,9.67,137.4,2018-11-01
1.1.01,Cereals and products,9.67,137.5,2018-12-01
1.1.01,Cereals and products,9.67,137.2,2019-01-01
1.1.01,Cereals and products,9.67,137.7,2019-02-01
1.1.01,Cereals and products,9.67,137.9,2019-03-01
1.1.01,Cereals and products,9.67,138.0,2019-04-01
1.1.01,Cereals and products,9.67,138.3,2019-05-01
1.1.01,Cereals and products,9.67,138.7,2019-06-01
1.1.01,Cereals and products,9.67,139.3,2019-07-01
1.1.01,Cereals and products,9.67,140.1,2019-08-01
1.1.01,Cereals and products,9.67,140.9,2019-09-01
1.1.01,Cereals and products,9.67,141.8,2019-10-01
1.1.01,Cereals and products,9.67,142.5,2019-11-01
1.1.01,Cereals and products,9.67,143.5,2019-12-01
1.1.01,Cereals and products,9.67,144.3,2020-01-01
1.1.01,Cereals and products,9.67,144.8,2020-02-01
1.1.01,Cereals and products,9.67,145.1,2020-03-01
1.1.01,Cereals and products,9.67,148.7,2020-04-01
1.1.01,Cereals and products,9.67,148.6,2020-05-01
1.1.01,Cereals and products,9.67,147.7,2020-06-01
1.1.01,Cereals and products,9.67,149.0,2020-07-01
1.1.01,Cereals and products,9.67,148.4,2020-08-01
1.1.01,Cereals and products,9.67,147.5,2020-09-01
1.1.01,Cereals and products,9.67,145.8,2020-11-01
1.1.01,Cereals and products,9.67,144.9,2020-12-01
1.1.01,Cereals and products,9.67,144.4,2021-01-01
1.1.01,Cereals and products,9.67,144.3,2021-02-01
1.1.01,Cereals and products,9.67,144.1,2021-03-01
1.1.01,Cereals and products,9.67,144.3,2021-04-01
1.1.01,Cereals and products,9.67,146.3,2021-05-01
1.1.01,Cereals and products,9.67,146.7,2021-06-01
1.1.01,Cereals and products,9.67,146.3,2021-07-01
1.1.01,Cereals and products,9.67,146.3,2021-08-01
1.1.01,Cereals and products,9.67,146.6,2021-09-01
1.1.01,Cereals and products,9.67,147.4,2021-10-01
1.1.01,Cereals and products,9.67,148.2,2021-11-01
1.1.01,Cereals and products,9.67,148.7,2021-12-01
1.1.01,Cereals and products,9.67,149.4,2022-01-01
1.1.01,Cereals and products,9.67,150.0,2022-02-01
1.1.01,Cereals and products,9.67,151.2,2022-03-01
1.1.01,Cereals and products,9.67,152.9,2022-04-01
1.1.01,Cereals and products,9.67,154.1,2022-05-01
1.1.01,Cereals and products,9.67,155.0,2022-06-01
1.1.01,Cereals and products,9.67,156.5,2022-07-01
1.1.01,Cereals and products,9.67,160.3,2022-08-01
1.1.01,Cereals and products,9.67,163.5,2022-09-01
1.1.01,Cereals and products,9.67,165.2,2022-10-01
1.1.01,Cereals and products,9.67,167.4,2022-11-01
1.1.01,Cereals and products,9.67,169.2,2022-12-01
1.1.01,Cereals and products,9.67,173.6,2023-01-01
1.1.01,Cereals and products,9.67,175.1,2023-02-01
1.1.01,Cereals and products,9.67,174.4,2023-03-01
1.1.01,Cereals and products,9.67,173.8,2023-04-01
1.1.01,Cereals and products,9.67,173.6,2023-05-01
1.1.01,Cereals and products,9.67,174.7,2023-06-01
1.1.01,Cereals and products,9.67,176.9,2023-07-01
1.1.01,Cereals and products,9.67,179.3,2023-08-01
1.1.01,Cereals and products,9.67,181.4,2023-09-01
1.1.01,Cereals and products,9.67,182.8,2023-10-01
1.1.01,Cereals and products,9.67,184.6,2023-11-01
1.1.01,Cereals and products,9.67,186.0,2023-12-01
1.1.01,Cereals and products,9.67,187.4,2024-01-01
1.1.01,Cereals and products,9.67,188.4,2024-02-01
1.1.01,Cereals and products,9.67,189.0,2024-03-01
1.1.01,Cereals and products,9.67,188.8,2024-04-01
1.1.01,Cereals and products,9.67,188.8,2024-05-01
1.1.01,Cereals and products,9.67,190.1,2024-06-01
1.1.01,Cereals and products,9.67,191.3,2024-07-01
1.1.01,Cereals and products,9.67,192.4,2024-08-01
1.1.01,Cereals and products,9.67,193.8,2024-09-01
1.1.01,Cereals and products,9.67,195.6,2024-10-01
1.1.01,Cereals and products,9.67,197.3,2024-11-01
1.1.01,Cereals and products,9.67,198.1,2024-12-01
1.1.01,Cereals and products,9.67,199.1,2025-01-01
1.1.01,Cereals and products,9.67,200.0,2025-02-01
1.1.01,Cereals and products,9.67,200.2,2025-03-01
1.1.01,Cereals and products,9.67,198.9,2025-04-01
1.1.02,Meat and fish,3.61,138.0,2016-09-01
1.1.02,Meat and fish,3.61,137.8,2016-10-01
1.1.02,Meat and fish,3.61,137.9,2016-11-01
1.1.02,Meat and fish,3.61,137.7,2016-12-01
1.1.02,Meat and fish,3.61,138.1,2017-01-01
1.1.02,Meat and fish,3.61,138.9,2017-02-01
1.1.02,Meat and fish,3.61,139.1,2017-03-01
1.1.02,Meat and fish,3.61,139.4,2017-04-01
1.1.02,Meat and fish,3.61,141.7,2017-05-01
1.1.02,Meat and fish,3.61,145.4,2017-06-01
1.1.02,Meat and fish,3.61,145.7,2017-07-01
1.1.02,Meat and fish,3.61,143.4,2017-08-01
1.1.02,Meat and fish,3.61,142.4,2017-09-01
1.1.02,Meat and fish,3.61,142.2,2017-10-01
1.1.02,Meat and fish,3.61,142.3,2017-11-01
1.1.02,Meat and fish,3.61,143.4,2017-12-01
1.1.02,Meat and fish,3.61,144.2,2018-01-01
1.1.02,Meat and fish,3.61,143.4,2018-02-01
1.1.02,Meat and fish,3.61,143.4,2018-03-01
1.1.02,Meat and fish,3.61,146.6,2018-05-01
1.1.02,Meat and fish,3.61,149.0,2018-06-01
1.1.02,Meat and fish,3.61,149.0,2018-07-01
1.1.02,Meat and fish,3.61,148.0,2018-08-01
1.1.02,Meat and fish,3.61,146.5,2018-10-01
1.1.02,Meat and fish,3.61,149.5,2018-11-01
1.1.02,Meat and fish,3.61,150.5,2018-12-01
1.1.02,Meat and fish,3.61,151.5,2019-01-01
1.1.02,Meat and fish,3.61,152.0,2019-02-01
1.1.02,Meat and fish,3.61,153.0,2019-03-01
1.1.02,Meat and fish,3.61,155.3,2019-04-01
1.1.02,Meat and fish,3.61,158.5,2019-05-01
1.1.02,Meat and fish,3.61,162.1,2019-06-01
1.1.02,Meat and fish,3.61,162.6,2019-07-01
1.1.02,Meat and fish,3.61,160.6,2019-08-01
1.1.02,Meat and fish,3.61,160.8,2019-09-01
1.1.02,Meat and fish,3.61,161.0,2019-10-01
1.1.02,Meat and fish,3.61,163.2,2019-11-01
1.1.02,Meat and fish,3.61,164.9,2019-12-01
1.1.02,Meat and fish,3.61,167.3,2020-01-01
1.1.02,Meat and fish,3.61,167.5,2020-02-01
1.1.02,Meat and fish,3.61,167.0,2020-03-01
1.1.02,Meat and fish,3.61,183.9,2020-05-01
1.1.02,Meat and fish,3.61,188.4,2020-06-01
1.1.02,Meat and fish,3.61,193.3,2020-07-01
1.1.02,Meat and fish,3.61,187.1,2020-08-01
1.1.02,Meat and fish,3.61,189.1,2020-09-01
1.1.02,Meat and fish,3.61,190.4,2020-11-01
1.1.02,Meat and fish,3.61,190.1,2020-12-01
1.1.02,Meat and fish,3.61,188.4,2021-01-01
1.1.02,Meat and fish,3.61,186.5,2021-02-01
1.1.02,Meat and fish,3.61,192.2,2021-03-01
1.1.02,Meat and fish,3.61,198.0,2021-04-01
1.1.02,Meat and fish,3.61,200.4,2021-05-01
1.1.02,Meat and fish,3.61,202.0,2021-06-01
1.1.02,Meat and fish,3.61,206.8,2021-07-01
1.1.02,Meat and fish,3.61,204.3,2021-08-01
1.1.02,Meat and fish,3.61,204.0,2021-09-01
1.1.02,Meat and fish,3.61,204.6,2021-10-01
1.1.02,Meat and fish,3.61,201.6,2021-11-01
1.1.02,Meat and fish,3.61,198.8,2021-12-01
1.1.02,Meat and fish,3.61,198.7,2022-01-01
1.1.02,Meat and fish,3.61,200.6,2022-02-01
1.1.02,Meat and fish,3.61,210.7,2022-03-01
1.1.02,Meat and fish,3.61,211.8,2022-04-01
1.1.02,Meat and fish,3.61,217.0,2022-05-01
1.1.02,Meat and fish,3.61,219.4,2022-06-01
1.1.02,Meat and fish,3.61,213.0,2022-07-01
1.1.02,Meat and fish,3.61,206.4,2022-08-01
1.1.02,Meat and fish,3.61,209.2,2022-09-01
1.1.02,Meat and fish,3.61,210.9,2022-10-01
1.1.02,Meat and fish,3.61,209.4,2022-11-01
1.1.02,Meat and fish,3.61,209.0,2022-12-01
1.1.02,Meat and fish,3.61,210.7,2023-01-01
1.1.02,Meat and fish,3.61,207.4,2023-02-01
1.1.02,Meat and fish,3.61,207.7,2023-03-01
1.1.02,Meat and fish,3.61,209.2,2023-04-01
1.1.02,Meat and fish,3.61,214.2,2023-05-01
1.1.02,Meat and fish,3.61,222.5,2023-06-01
1.1.02,Meat and fish,3.61,217.8,2023-07-01
1.1.02,Meat and fish,3.61,214.1,2023-08-01
1.1.02,Meat and fish,3.61,217.8,2023-09-01
1.1.02,Meat and fish,3.61,217.8,2023-10-01
1.1.02,Meat and fish,3.61,213.9,2023-11-01
1.1.02,Meat and fish,3.61,211.4,2023-12-01
1.1.02,Meat and fish,3.61,213.2,2024-01-01
1.1.02,Meat and fish,3.61,218.1,2024-02-01
1.1.02,Meat and fish,3.61,220.9,2024-03-01
1.1.02,Meat and fish,3.61,226.4,2024-04-01
1.1.02,Meat and fish,3.61,229.9,2024-05-01
1.1.02,Meat and fish,3.61,234.6,2024-06-01
1.1.02,Meat and fish,3.61,230.8,2024-07-01
1.1.02,Meat and fish,3.61,223.3,2024-08-01
1.1.02,Meat and fish,3.61,223.5,2024-09-01
1.1.02,Meat and fish,3.61,224.7,2024-10-01
1.1.02,Meat and fish,3.61,224.0,2024-11-01
1.1.02,Meat and fish,3.61,222.5,2024-12-01
1.1.02,Meat and fish,3.61,224.4,2025-01-01
1.1.02,Meat and fish,3.61,222.6,2025-02-01
1.1.02,Meat and fish,3.61,221.7,2025-03-01
1.1.02,Meat and fish,3.61,225.7,2025-04-01
1.1.03,Egg,0.43,130.5,2016-09-01
1.1.03,Egg,0.43,130.1,2016-10-01
1.1.03,Egg,0.43,132.0,2016-11-01
1.1.03,Egg,0.43,132.8,2016-12-01
1.1.03,Egg,0.43,132.0,2017-01-01
1.1.03,Egg,0.43,129.4,2017-02-01
1.1.03,Egg,0.43,128.6,2017-03-01
1.1.03,Egg,0.43,126.2,2017-04-01
1.1.03,Egg,0.43,126.3,2017-05-01
1.1.03,Egg,0.43,128.2,2017-06-01
1.1.03,Egg,0.43,129.6,2017-07-01
1.1.03,Egg,0.43,129.4,2017-08-01
1.1.03,Egg,0.43,130.3,2017-09-01
1.1.03,Egg,0.43,131.1,2017-10-01
1.1.03,Egg,0.43,142.5,2017-11-01
1.1.03,Egg,0.43,145.5,2017-12-01
1.1.03,Egg,0.43,143.7,2018-01-01
1.1.03,Egg,0.43,140.3,2018-02-01
1.1.03,Egg,0.43,138.2,2018-03-01
1.1.03,Egg,0.43,133.6,2018-05-01
1.1.03,Egg,0.43,135.6,2018-06-01
1.1.03,Egg,0.43,139.2,2018-07-01
1.1.03,Egg,0.43,138.3,2018-08-01
1.1.03,Egg,0.43,134.1,2018-10-01
1.1.03,Egg,0.43,137.3,2018-11-01
1.1.03,Egg,0.43,138.9,2018-12-01
1.1.03,Egg,0.43,140.2,2019-01-01
1.1.03,Egg,0.43,141.5,2019-02-01
1.1.03,Egg,0.43,140.3,2019-03-01
1.1.03,Egg,0.43,136.5,2019-04-01
1.1.03,Egg,0.43,136.0,2019-05-01
1.1.03,Egg,0.43,137.8,2019-06-01
1.1.03,Egg,0.43,140.0,2019-07-01
1.1.03,Egg,0.43,138.5,2019-08-01
1.1.03,Egg,0.43,139.6,2019-09-01
1.1.03,Egg,0.43,142.6,2019-10-01
1.1.03,Egg,0.43,145.6,2019-11-01
1.1.03,Egg,0.43,151.0,2019-12-01
1.1.03,Egg,0.43,154.8,2020-01-01
1.1.03,Egg,0.43,151.8,2020-02-01
1.1.03,Egg,0.43,148.1,2020-03-01
1.1.03,Egg,0.43,148.8,2020-04-01
1.1.03,Egg,0.43,147.8,2020-05-01
1.1.03,Egg,0.43,148.0,2020-06-01
1.1.03,Egg,0.43,152.3,2020-07-01
1.1.03,Egg,0.43,152.5,2020-08-01
1.1.03,Egg,0.43,161.2,2020-09-01
1.1.03,Egg,0.43,175.1,2020-11-01
1.1.03,Egg,0.43,175.4,2020-12-01
1.1.03,Egg,0.43,174.8,2021-01-01
1.1.03,Egg,0.43,168.7,2021-02-01
1.1.03,Egg,0.43,163.8,2021-03-01
1.1.03,Egg,0.43,164.5,2021-04-01
1.1.03,Egg,0.43,170.2,2021-05-01
1.1.03,Egg,0.43,180.7,2021-06-01
1.1.03,Egg,0.43,182.2,2021-07-01
1.1.03,Egg,0.43,177.4,2021-08-01
1.1.03,Egg,0.43,172.8,2021-09-01
1.1.03,Egg,0.43,171.2,2021-10-01
1.1.03,Egg,0.43,173.0,2021-11-01
1.1.03,Egg,0.43,177.9,2021-12-01
1.1.03,Egg,0.43,178.8,2022-01-01
1.1.03,Egg,0.43,175.8,2022-02-01
1.1.03,Egg,0.43,167.8,2022-03-01
1.1.03,Egg,0.43,164.6,2022-04-01
1.1.03,Egg,0.43,162.4,2022-05-01
1.1.03,Egg,0.43,170.8,2022-06-01
1.1.03,Egg,0.43,175.2,2022-07-01
1.1.03,Egg,0.43,169.2,2022-08-01
1.1.03,Egg,0.43,169.7,2022-09-01
1.1.03,Egg,0.43,170.9,2022-10-01
1.1.03,Egg,0.43,181.4,2022-11-01
1.1.03,Egg,0.43,190.2,2022-12-01
1.1.03,Egg,0.43,194.5,2023-01-01
1.1.03,Egg,0.43,183.4,2023-02-01
1.1.03,Egg,0.43,175.2,2023-03-01
1.1.03,Egg,0.43,169.6,2023-04-01
1.1.03,Egg,0.43,173.3,2023-05-01
1.1.03,Egg,0.43,182.8,2023-06-01
1.1.03,Egg,0.43,181.9,2023-07-01
1.1.03,Egg,0.43,176.5,2023-08-01
1.1.03,Egg,0.43,180.6,2023-09-01
1.1.03,Egg,0.43,186.8,2023-10-01
1.1.03,Egg,0.43,192.1,2023-11-01
1.1.03,Egg,0.43,198.5,2023-12-01
1.1.03,Egg,0.43,205.4,2024-01-01
1.1.03,Egg,0.43,202.9,2024-02-01
1.1.03,Egg,0.43,193.3,2024-03-01
1.1.03,Egg,0.43,181.6,2024-04-01
1.1.03,Egg,0.43,186.4,2024-05-01
1.1.03,Egg,0.43,190.1,2024-06-01
1.1.03,Egg,0.43,194.2,2024-07-01
1.1.03,Egg,0.43,189.1,2024-08-01
1.1.03,Egg,0.43,192.1,2024-09-01
1.1.03,Egg,0.43,195.9,2024-10-01
1.1.03,Egg,0.43,201.4,2024-11-01
1.1.03,Egg,0.43,212.1,2024-12-01
1.1.03,Egg,0.43,207.9,2025-01-01
1.1.03,Egg,0.43,196.8,2025-02-01
1.1.03,Egg,0.43,187.2,2025-03-01
1.1.03,Egg,0.43,183.2,2025-04-01
1.1.04,Milk and products,6.61,134.4,2016-09-01
1.1.04,Milk and products,6.61,134.8,2016-10-01
1.1.04,Milk and products,6.61,135.1,2016-11-01
1.1.04,Milk and products,6.61,135.1,2016-12-01
1.1.04,Milk and products,6.61,135.4,2017-01-01
1.1.04,Milk and products,6.61,135.8,2017-02-01
1.1.04,Milk and products,6.61,136.3,2017-03-01
1.1.04,Milk and products,6.61,137.1,2017-04-01
1.1.04,Milk and products,6.61,137.7,2017-05-01
1.1.04,Milk and products,6.61,138.1,2017-06-01
1.1.04,Milk and products,6.61,138.6,2017-07-01
1.1.04,Milk and products,6.61,138.9,2017-08-01
1.1.04,Milk and products,6.61,139.6,2017-09-01
1.1.04,Milk and products,6.61,140.6,2017-10-01
1.1.04,Milk and products,6.61,141.1,2017-11-01
1.1.04,Milk and products,6.61,141.0,2017-12-01
1.1.04,Milk and products,6.61,141.1,2018-01-01
1.1.04,Milk and products,6.61,141.0,2018-02-01
1.1.04,Milk and products,6.61,141.1,2018-03-01
1.1.04,Milk and products,6.61,142.1,2018-05-01
1.1.04,Milk and products,6.61,142.3,2018-06-01
1.1.04,Milk and products,6.61,142.6,2018-07-01
1.1.04,Milk and products,6.61,142.7,2018-08-01
1.1.04,Milk and products,6.61,141.9,2018-10-01
1.1.04,Milk and products,6.61,141.9,2018-11-01
1.1.04,Milk and products,6.61,142.2,2018-12-01
1.1.04,Milk and products,6.61,142.2,2019-01-01
1.1.04,Milk and products,6.61,142.2,2019-02-01
1.1.04,Milk and products,6.61,142.3,2019-03-01
1.1.04,Milk and products,6.61,142.2,2019-04-01
1.1.04,Milk and products,6.61,142.6,2019-05-01
1.1.04,Milk and products,6.61,143.2,2019-06-01
1.1.04,Milk and products,6.61,143.9,2019-07-01
1.1.04,Milk and products,6.61,144.6,2019-08-01
1.1.04,Milk and products,6.61,145.4,2019-09-01
1.1.04,Milk and products,6.61,146.2,2019-10-01
1.1.04,Milk and products,6.61,146.7,2019-11-01
1.1.04,Milk and products,6.61,148.1,2019-12-01
1.1.04,Milk and products,6.61,150.1,2020-01-01
1.1.04,Milk and products,6.61,150.8,2020-02-01
1.1.04,Milk and products,6.61,151.5,2020-03-01
1.1.04,Milk and products,6.61,155.6,2020-04-01
1.1.04,Milk and products,6.61,155.2,2020-05-01
1.1.04,Milk and products,6.61,155.4,2020-06-01
1.1.04,Milk and products,6.61,153.5,2020-07-01
1.1.04,Milk and products,6.61,153.6,2020-08-01
1.1.04,Milk and products,6.61,153.6,2020-09-01
1.1.04,Milk and products,6.61,154.0,2020-11-01
1.1.04,Milk and products,6.61,154.2,2020-12-01
1.1.04,Milk and products,6.61,154.2,2021-01-01
1.1.04,Milk and products,6.61,154.7,2021-02-01
1.1.04,Milk and products,6.61,154.9,2021-03-01
1.1.04,Milk and products,6.61,155.4,2021-04-01
1.1.04,Milk and products,6.61,156.1,2021-05-01
1.1.04,Milk and products,6.61,156.2,2021-06-01
1.1.04,Milk and products,6.61,157.5,2021-07-01
1.1.04,Milk and products,6.61,158.0,2021-08-01
1.1.04,Milk and products,6.61,158.4,2021-09-01
1.1.04,Milk and products,6.61,158.7,2021-10-01
1.1.04,Milk and products,6.61,159.3,2021-11-01
1.1.04,Milk and products,6.61,159.9,2021-12-01
1.1.04,Milk and products,6.61,160.5,2022-01-01
1.1.04,Milk and products,6.61,160.6,2022-02-01
1.1.04,Milk and products,6.61,162.2,2022-03-01
1.1.04,Milk and products,6.61,163.9,2022-04-01
1.1.04,Milk and products,6.61,164.9,2022-05-01
1.1.04,Milk and products,6.61,165.7,2022-06-01
1.1.04,Milk and products,6.61,166.7,2022-07-01
1.1.04,Milk and products,6.61,168.1,2022-08-01
1.1.04,Milk and products,6.61,169.7,2022-09-01
1.1.04,Milk and products,6.61,170.9,2022-10-01
1.1.04,Milk and products,6.61,172.3,2022-11-01
1.1.04,Milk and products,6.61,173.5,2022-12-01
1.1.04,Milk and products,6.61,174.6,2023-01-01
1.1.04,Milk and products,6.61,176.2,2023-02-01
1.1.04,Milk and products,6.61,177.3,2023-03-01
1.1.04,Milk and products,6.61,178.4,2023-04-01
1.1.04,Milk and products,6.61,179.6,2023-05-01
1.1.04,Milk and products,6.61,180.0,2023-06-01
1.1.04,Milk and products,6.61,180.5,2023-07-01
1.1.04,Milk and products,6.61,181.1,2023-08-01
1.1.04,Milk and products,6.61,181.4,2023-09-01
1.1.04,Milk and products,6.61,181.9,2023-10-01
1.1.04,Milk and products,6.61,182.2,2023-11-01
1.1.04,Milk and products,6.61,182.4,2023-12-01
1.1.04,Milk and products,6.61,182.7,2024-01-01
1.1.04,Milk and products,6.61,183.0,2024-02-01
1.1.04,Milk and products,6.61,183.3,2024-03-01
1.1.04,Milk and products,6.61,183.7,2024-04-01
1.1.04,Milk and products,6.61,184.2,2024-05-01
1.1.04,Milk and products,6.61,185.4,2024-06-01
1.1.04,Milk and products,6.61,185.9,2024-07-01
1.1.04,Milk and products,6.61,186.6,2024-08-01
1.1.04,Milk and products,6.61,187.0,2024-09-01
1.1.04,Milk and products,6.61,187.3,2024-10-01
1.1.04,Milk and products,6.61,187.4,2024-11-01
1.1.04,Milk and products,6.61,187.5,2024-12-01
1.1.04,Milk and products,6.61,187.9,2025-01-01
1.1.04,Milk and products,6.61,187.9,2025-02-01
1.1.04,Milk and products,6.61,188.0,2025-03-01
1.1.04,Milk and products,6.61,188.7,2025-04-01
1.1.05,Oils and fats,3.56,117.1,2016-09-01
1.1.05,Oils and fats,3.56,117.6,2016-10-01
1.1.05,Oils and fats,3.56,118.0,2016-11-01
1.1.05,Oils and fats,3.56,118.6,2016-12-01
1.1.05,Oils and fats,3.56,119.1,2017-01-01
1.1.05,Oils and fats,3.56,119.2,2017-02-01
1.1.05,Oils and fats,3.56,118.8,2017-03-01
1.1.05,Oils and fats,3.56,118.4,2017-04-01
1.1.05,Oils and fats,3.56,118.1,2017-05-01
1.1.05,Oils and fats,3.56,118.2,2017-06-01
1.1.05,Oils and fats,3.56,118.2,2017-07-01
1.1.05,Oils and fats,3.56,118.1,2017-08-01
1.1.05,Oils and fats,3.56,118.4,2017-09-01
1.1.05,Oils and fats,3.56,119.0,2017-10-01
1.1.05,Oils and fats,3.56,119.3,2017-11-01
1.1.05,Oils and fats,3.56,120.3,2017-12-01
1.1.05,Oils and fats,3.56,120.6,2018-01-01
1.1.05,Oils and fats,3.56,120.5,2018-02-01
1.1.05,Oils and fats,3.56,121.0,2018-03-01
1.1.05,Oils and fats,3.56,121.0,2018-05-01
1.1.05,Oils and fats,3.56,121.3,2018-06-01
1.1.05,Oils and fats,3.56,121.4,2018-07-01
1.1.05,Oils and fats,3.56,122.2,2018-08-01
1.1.05,Oils and fats,3.56,121.6,2018-10-01
1.1.05,Oils and fats,3.56,121.1,2018-11-01
1.1.05,Oils and fats,3.56,122.2,2018-12-01
1.1.05,Oils and fats,3.56,121.9,2019-01-01
1.1.05,Oils and fats,3.56,122.1,2019-02-01
1.1.05,Oils and fats,3.56,122.0,2019-03-01
1.1.05,Oils and fats,3.56,121.9,2019-04-01
1.1.05,Oils and fats,3.56,122.1,2019-05-01
1.1.05,Oils and fats,3.56,122.2,2019-06-01
1.1.05,Oils and fats,3.56,122.5,2019-07-01
1.1.05,Oils and fats,3.56,123.0,2019-08-01
1.1.05,Oils and fats,3.56,123.5,2019-09-01
1.1.05,Oils and fats,3.56,123.9,2019-10-01
1.1.05,Oils and fats,3.56,124.3,2019-11-01
1.1.05,Oils and fats,3.56,125.8,2019-12-01
1.1.05,Oils and fats,3.56,129.9,2020-01-01
1.1.05,Oils and fats,3.56,131.3,2020-02-01
1.1.05,Oils and fats,3.56,131.2,2020-03-01
1.1.05,Oils and fats,3.56,135.1,2020-04-01
1.1.05,Oils and fats,3.56,136.6,2020-05-01
1.1.05,Oils and fats,3.56,137.2,2020-06-01
1.1.05,Oils and fats,3.56,137.7,2020-07-01
1.1.05,Oils and fats,3.56,138.2,2020-08-01
1.1.05,Oils and fats,3.56,140.1,2020-09-01
1.1.05,Oils and fats,3.56,146.5,2020-11-01
1.1.05,Oils and fats,3.56,150.9,2020-12-01
1.1.05,Oils and fats,3.56,155.5,2021-01-01
1.1.05,Oils and fats,3.56,158.7,2021-02-01
1.1.05,Oils and fats,3.56,163.9,2021-03-01
1.1.05,Oils and fats,3.56,170.1,2021-04-01
1.1.05,Oils and fats,3.56,178.6,2021-05-01
1.1.05,Oils and fats,3.56,183.7,2021-06-01
1.1.05,Oils and fats,3.56,182.1,2021-07-01
1.1.05,Oils and fats,3.56,183.8,2021-08-01
1.1.05,Oils and fats,3.56,188.0,2021-09-01
1.1.05,Oils and fats,3.56,190.5,2021-10-01
1.1.05,Oils and fats,3.56,190.1,2021-11-01
1.1.05,Oils and fats,3.56,187.6,2021-12-01
1.1.05,Oils and fats,3.56,184.7,2022-01-01
1.1.05,Oils and fats,3.56,184.9,2022-02-01
1.1.05,Oils and fats,3.56,194.7,2022-03-01
1.1.05,Oils and fats,3.56,199.5,2022-04-01
1.1.05,Oils and fats,3.56,202.4,2022-05-01
1.1.05,Oils and fats,3.56,200.9,2022-06-01
1.1.05,Oils and fats,3.56,195.8,2022-07-01
1.1.05,Oils and fats,3.56,192.4,2022-08-01
1.1.05,Oils and fats,3.56,188.7,2022-09-01
1.1.05,Oils and fats,3.56,186.5,2022-10-01
1.1.05,Oils and fats,3.56,188.9,2022-11-01
1.1.05,Oils and fats,3.56,188.6,2022-12-01
1.1.05,Oils and fats,3.56,187.3,2023-01-01
1.1.05,Oils and fats,3.56,184.0,2023-02-01
1.1.05,Oils and fats,3.56,179.3,2023-03-01
1.1.05,Oils and fats,3.56,174.9,2023-04-01
1.1.05,Oils and fats,3.56,170.0,2023-05-01
1.1.05,Oils and fats,3.56,164.5,2023-06-01
1.1.05,Oils and fats,3.56,162.9,2023-07-01
1.1.05,Oils and fats,3.56,163.0,2023-08-01
1.1.05,Oils and fats,3.56,162.2,2023-09-01
1.1.05,Oils and fats,3.56,160.9,2023-10-01
1.1.05,Oils and fats,3.56,160.5,2023-11-01
1.1.05,Oils and fats,3.56,160.3,2023-12-01
1.1.05,Oils and fats,3.56,159.2,2024-01-01
1.1.05,Oils and fats,3.56,158.3,2024-02-01
1.1.05,Oils and fats,3.56,158.2,2024-03-01
1.1.05,Oils and fats,3.56,158.4,2024-04-01
1.1.05,Oils and fats,3.56,158.6,2024-05-01
1.1.05,Oils and fats,3.56,160.0,2024-06-01
1.1.05,Oils and fats,3.56,161.0,2024-07-01
1.1.05,Oils and fats,3.56,161.5,2024-08-01
1.1.05,Oils and fats,3.56,166.2,2024-09-01
1.1.05,Oils and fats,3.56,176.2,2024-10-01
1.1.05,Oils and fats,3.56,181.7,2024-11-01
1.1.05,Oils and fats,3.56,183.7,2024-12-01
1.1.05,Oils and fats,3.56,184.1,2025-01-01
1.1.05,Oils and fats,3.56,184.2,2025-02-01
1.1.05,Oils and fats,3.56,185.2,2025-03-01
1.1.05,Oils and fats,3.56,186.0,2025-04-01
1.1.06,Fruits,2.89,136.2,2016-09-01
1.1.06,Fruits,2.89,134.7,2016-10-01
1.1.06,Fruits,2.89,134.1,2016-11-01
1.1.06,Fruits,2.89,132.6,2016-12-01
1.1.06,Fruits,2.89,133.0,2017-01-01
1.1.06,Fruits,2.89,135.3,2017-02-01
1.1.06,Fruits,2.89,138.0,2017-03-01
1.1.06,Fruits,2.89,139.9,2017-04-01
1.1.06,Fruits,2.89,137.9,2017-05-01
1.1.06,Fruits,2.89,139.2,2017-06-01
1.1.06,Fruits,2.89,141.7,2017-07-01
1.1.06,Fruits,2.89,145.4,2017-08-01
1.1.06,Fruits,2.89,143.1,2017-09-01
1.1.06,Fruits,2.89,141.5,2017-10-01
1.1.06,Fruits,2.89,142.4,2017-11-01
1.1.06,Fruits,2.89,141.5,2017-12-01
1.1.06,Fruits,2.89,141.3,2018-01-01
1.1.06,Fruits,2.89,141.8,2018-02-01
1.1.06,Fruits,2.89,146.3,2018-03-01
1.1.06,Fruits,2.89,154.9,2018-05-01
1.1.06,Fruits,2.89,153.3,2018-06-01
1.1.06,Fruits,2.89,151.7,2018-07-01
1.1.06,Fruits,2.89,150.7,2018-08-01
1.1.06,Fruits,2.89,142.0,2018-10-01
1.1.06,Fruits,2.89,142.5,2018-11-01
1.1.06,Fruits,2.89,139.5,2018-12-01
1.1.06,Fruits,2.89,135.4,2019-01-01
1.1.06,Fruits,2.89,136.3,2019-02-01
1.1.06,Fruits,2.89,137.6,2019-03-01
1.1.06,Fruits,2.89,146.0,2019-04-01
1.1.06,Fruits,2.89,146.6,2019-05-01
1.1.06,Fruits,2.89,146.8,2019-06-01
1.1.06,Fruits,2.89,150.3,2019-07-01
1.1.06,Fruits,2.89,149.5,2019-08-01
1.1.06,Fruits,2.89,146.6,2019-09-01
1.1.06,Fruits,2.89,148.0,2019-10-01
1.1.06,Fruits,2.89,147.5,2019-11-01
1.1.06,Fruits,2.89,145.6,2019-12-01
1.1.06,Fruits,2.89,143.2,2020-01-01
1.1.06,Fruits,2.89,141.8,2020-02-01
1.1.06,Fruits,2.89,142.5,2020-03-01
1.1.06,Fruits,2.89,149.9,2020-04-01
1.1.06,Fruits,2.89,149.6,2020-05-01
1.1.06,Fruits,2.89,145.8,2020-06-01
1.1.06,Fruits,2.89,150.5,2020-07-01
1.1.06,Fruits,2.89,150.9,2020-08-01
1.1.06,Fruits,2.89,151.3,2020-09-01
1.1.06,Fruits,2.89,147.8,2020-11-01
1.1.06,Fruits,2.89,149.6,2020-12-01
1.1.06,Fruits,2.89,150.3,2021-01-01
1.1.06,Fruits,2.89,150.7,2021-02-01
1.1.06,Fruits,2.89,153.7,2021-03-01
1.1.06,Fruits,2.89,164.6,2021-04-01
1.1.06,Fruits,2.89,167.3,2021-05-01
1.1.06,Fruits,2.89,164.6,2021-06-01
1.1.06,Fruits,2.89,163.8,2021-07-01
1.1.06,Fruits,2.89,161.0,2021-08-01
1.1.06,Fruits,2.89,156.8,2021-09-01
1.1.06,Fruits,2.89,155.7,2021-10-01
1.1.06,Fruits,2.89,156.6,2021-11-01
1.1.06,Fruits,2.89,154.9,2021-12-01
1.1.06,Fruits,2.89,153.7,2022-01-01
1.1.06,Fruits,2.89,153.7,2022-02-01
1.1.06,Fruits,2.89,157.6,2022-03-01
1.1.06,Fruits,2.89,172.6,2022-04-01
1.1.06,Fruits,2.89,171.0,2022-05-01
1.1.06,Fruits,2.89,169.7,2022-06-01
1.1.06,Fruits,2.89,174.4,2022-07-01
1.1.06,Fruits,2.89,172.9,2022-08-01
1.1.06,Fruits,2.89,165.6,2022-09-01
1.1.06,Fruits,2.89,163.8,2022-10-01
1.1.06,Fruits,2.89,160.6,2022-11-01
1.1.06,Fruits,2.89,158.0,2022-12-01
1.1.06,Fruits,2.89,158.2,2023-01-01
1.1.06,Fruits,2.89,163.5,2023-02-01
1.1.06,Fruits,2.89,169.5,2023-03-01
1.1.06,Fruits,2.89,176.2,2023-04-01
1.1.06,Fruits,2.89,172.2,2023-05-01
1.1.06,Fruits,2.89,172.0,2023-06-01
1.1.06,Fruits,2.89,179.7,2023-07-01
1.1.06,Fruits,2.89,179.9,2023-08-01
1.1.06,Fruits,2.89,177.8,2023-09-01
1.1.06,Fruits,2.89,179.1,2023-10-01
1.1.06,Fruits,2.89,178.3,2023-11-01
1.1.06,Fruits,2.89,175.6,2023-12-01
1.1.06,Fruits,2.89,172.0,2024-01-01
1.1.06,Fruits,2.89,171.4,2024-02-01
1.1.06,Fruits,2.89,174.7,2024-03-01
1.1.06,Fruits,2.89,185.5,2024-04-01
1.1.06,Fruits,2.89,183.7,2024-05-01
1.1.06,Fruits,2.89,184.3,2024-06-01
1.1.06,Fruits,2.89,186.5,2024-07-01
1.1.06,Fruits,2.89,191.4,2024-08-01
1.1.06,Fruits,2.89,191.4,2024-09-01
1.1.06,Fruits,2.89,194.2,2024-10-01
1.1.06,Fruits,2.89,192.1,2024-11-01
1.1.06,Fruits,2.89,190.4,2024-12-01
1.1.06,Fruits,2.89,192.9,2025-01-01
1.1.06,Fruits,2.89,196.8,2025-02-01
1.1.06,Fruits,2.89,203.0,2025-03-01
1.1.06,Fruits,2.89,211.1,2025-04-01
1.1.07,Vegetables,6.04,150.5,2016-09-01
1.1.07,Vegetables,6.04,151.2,2016-10-01
1.1.07,Vegetables,6.04,142.1,2016-11-01
1.1.07,Vegetables,6.04,125.3,2016-12-01
1.1.07,Vegetables,6.04,119.4,2017-01-01
1.1.07,Vegetables,6.04,119.5,2017-02-01
1.1.07,Vegetables,6.04,120.4,2017-03-01
1.1.07,Vegetables,6.04,123.4,2017-04-01
1.1.07,Vegetables,6.04,125.6,2017-05-01
1.1.07,Vegetables,6.04,133.3,2017-06-01
1.1.07,Vegetables,6.04,159.5,2017-07-01
1.1.07,Vegetables,6.04,168.9,2017-08-01
1.1.07,Vegetables,6.04,156.6,2017-09-01
1.1.07,Vegetables,6.04,162.5,2017-10-01
1.1.07,Vegetables,6.04,173.8,2017-11-01
1.1.07,Vegetables,6.04,161.8,2017-12-01
1.1.07,Vegetables,6.04,151.6,2018-01-01
1.1.07,Vegetables,6.04,140.5,2018-02-01
1.1.07,Vegetables,6.04,134.6,2018-03-01
1.1.07,Vegetables,6.04,135.7,2018-05-01
1.1.07,Vegetables,6.04,143.7,2018-06-01
1.1.07,Vegetables,6.04,156.0,2018-07-01
1.1.07,Vegetables,6.04,156.8,2018-08-01
1.1.07,Vegetables,6.04,149.5,2018-10-01
1.1.07,Vegetables,6.04,146.7,2018-11-01
1.1.07,Vegetables,6.04,135.6,2018-12-01
1.1.07,Vegetables,6.04,131.4,2019-01-01
1.1.07,Vegetables,6.04,129.7,2019-02-01
1.1.07,Vegetables,6.04,132.6,2019-03-01
1.1.07,Vegetables,6.04,136.4,2019-04-01
1.1.07,Vegetables,6.04,143.0,2019-05-01
1.1.07,Vegetables,6.04,150.4,2019-06-01
1.1.07,Vegetables,6.04,160.3,2019-07-01
1.1.07,Vegetables,6.04,167.4,2019-08-01
1.1.07,Vegetables,6.04,173.1,2019-09-01
1.1.07,Vegetables,6.04,188.4,2019-10-01
1.1.07,Vegetables,6.04,199.5,2019-11-01
1.1.07,Vegetables,6.04,217.0,2019-12-01
1.1.07,Vegetables,6.04,197.2,2020-01-01
1.1.07,Vegetables,6.04,170.7,2020-02-01
1.1.07,Vegetables,6.04,157.3,2020-03-01
1.1.07,Vegetables,6.04,168.6,2020-04-01
1.1.07,Vegetables,6.04,150.6,2020-05-01
1.1.07,Vegetables,6.04,153.3,2020-06-01
1.1.07,Vegetables,6.04,178.4,2020-07-01
1.1.07,Vegetables,6.04,186.5,2020-08-01
1.1.07,Vegetables,6.04,209.1,2020-09-01
1.1.07,Vegetables,6.04,230.8,2020-11-01
1.1.07,Vegetables,6.04,194.4,2020-12-01
1.1.07,Vegetables,6.04,165.8,2021-01-01
1.1.07,Vegetables,6.04,160.0,2021-02-01
1.1.07,Vegetables,6.04,149.7,2021-03-01
1.1.07,Vegetables,6.04,144.7,2021-04-01
1.1.07,Vegetables,6.04,147.9,2021-05-01
1.1.07,Vegetables,6.04,155.4,2021-06-01
1.1.07,Vegetables,6.04,164.3,2021-07-01
1.1.07,Vegetables,6.04,164.9,2021-08-01
1.1.07,Vegetables,6.04,162.2,2021-09-01
1.1.07,Vegetables,6.04,185.3,2021-10-01
1.1.07,Vegetables,6.04,199.1,2021-11-01
1.1.07,Vegetables,6.04,188.4,2021-12-01
1.1.07,Vegetables,6.04,174.4,2022-01-01
1.1.07,Vegetables,6.04,169.8,2022-02-01
1.1.07,Vegetables,6.04,166.9,2022-03-01
1.1.07,Vegetables,6.04,166.3,2022-04-01
1.1.07,Vegetables,6.04,174.9,2022-05-01
1.1.07,Vegetables,6.04,182.4,2022-06-01
1.1.07,Vegetables,6.04,182.1,2022-07-01
1.1.07,Vegetables,6.04,186.6,2022-08-01
1.1.07,Vegetables,6.04,191.6,2022-09-01
1.1.07,Vegetables,6.04,199.7,2022-10-01
1.1.07,Vegetables,6.04,183.1,2022-11-01
1.1.07,Vegetables,6.04,159.9,2022-12-01
1.1.07,Vegetables,6.04,153.9,2023-01-01
1.1.07,Vegetables,6.04,150.0,2023-02-01
1.1.07,Vegetables,6.04,152.7,2023-03-01
1.1.07,Vegetables,6.04,155.4,2023-04-01
1.1.07,Vegetables,6.04,160.6,2023-05-01
1.1.07,Vegetables,6.04,180.6,2023-06-01
1.1.07,Vegetables,6.04,250.1,2023-07-01
1.1.07,Vegetables,6.04,235.5,2023-08-01
1.1.07,Vegetables,6.04,198.3,2023-09-01
1.1.07,Vegetables,6.04,205.1,2023-10-01
1.1.07,Vegetables,6.04,215.5,2023-11-01
1.1.07,Vegetables,6.04,204.1,2023-12-01
1.1.07,Vegetables,6.04,195.5,2024-01-01
1.1.07,Vegetables,6.04,195.5,2024-02-01
1.1.07,Vegetables,6.04,196.1,2024-03-01
1.1.07,Vegetables,6.04,198.6,2024-04-01
1.1.07,Vegetables,6.04,205.0,2024-05-01
1.1.07,Vegetables,6.04,234.2,2024-06-01
1.1.07,Vegetables,6.04,267.3,2024-07-01
1.1.07,Vegetables,6.04,260.6,2024-08-01
1.1.07,Vegetables,6.04,269.8,2024-09-01
1.1.07,Vegetables,6.04,291.9,2024-10-01
1.1.07,Vegetables,6.04,278.7,2024-11-01
1.1.07,Vegetables,6.04,258.3,2024-12-01
1.1.07,Vegetables,6.04,217.8,2025-01-01
1.1.07,Vegetables,6.04,193.4,2025-02-01
1.1.07,Vegetables,6.04,182.3,2025-03-01
1.1.07,Vegetables,6.04,176.8,2025-04-01
1.1.08,Pulses and products,2.38,171.5,2016-09-01
1.1.08,Pulses and products,2.38,172.1,2016-10-01
1.1.08,Pulses and products,2.38,171.6,2016-11-01
1.1.08,Pulses and products,2.38,168.8,2016-12-01
1.1.08,Pulses and products,2.38,159.4,2017-01-01
1.1.08,Pulses and products,2.38,152.3,2017-02-01
1.1.08,Pulses and products,2.38,143.9,2017-03-01
1.1.08,Pulses and products,2.38,140.8,2017-04-01
1.1.08,Pulses and products,2.38,138.3,2017-05-01
1.1.08,Pulses and products,2.38,136.1,2017-06-01
1.1.08,Pulses and products,2.38,133.5,2017-07-01
1.1.08,Pulses and products,2.38,132.7,2017-08-01
1.1.08,Pulses and products,2.38,132.9,2017-09-01
1.1.08,Pulses and products,2.38,132.3,2017-10-01
1.1.08,Pulses and products,2.38,131.3,2017-11-01
1.1.08,Pulses and products,2.38,129.1,2017-12-01
1.1.08,Pulses and products,2.38,127.3,2018-01-01
1.1.08,Pulses and products,2.38,125.8,2018-02-01
1.1.08,Pulses and products,2.38,124.6,2018-03-01
1.1.08,Pulses and products,2.38,122.3,2018-05-01
1.1.08,Pulses and products,2.38,121.4,2018-06-01
1.1.08,Pulses and products,2.38,121.7,2018-07-01
1.1.08,Pulses and products,2.38,122.4,2018-08-01
1.1.08,Pulses and products,2.38,118.7,2018-10-01
1.1.08,Pulses and products,2.38,119.1,2018-11-01
1.1.08,Pulses and products,2.38,119.9,2018-12-01
1.1.08,Pulses and products,2.38,120.3,2019-01-01
1.1.08,Pulses and products,2.38,121.0,2019-02-01
1.1.08,Pulses and products,2.38,121.8,2019-03-01
1.1.08,Pulses and products,2.38,122.4,2019-04-01
1.1.08,Pulses and products,2.38,124.9,2019-05-01
1.1.08,Pulses and products,2.38,128.3,2019-06-01
1.1.08,Pulses and products,2.38,130.0,2019-07-01
1.1.08,Pulses and products,2.38,130.9,2019-08-01
1.1.08,Pulses and products,2.38,131.6,2019-09-01
1.1.08,Pulses and products,2.38,132.5,2019-10-01
1.1.08,Pulses and products,2.38,135.7,2019-11-01
1.1.08,Pulses and products,2.38,138.3,2019-12-01
1.1.08,Pulses and products,2.38,140.4,2020-01-01
1.1.08,Pulses and products,2.38,141.1,2020-02-01
1.1.08,Pulses and products,2.38,141.1,2020-03-01
1.1.08,Pulses and products,2.38,150.4,2020-04-01
1.1.08,Pulses and products,2.38,151.2,2020-05-01
1.1.08,Pulses and products,2.38,149.7,2020-06-01
1.1.08,Pulses and products,2.38,150.7,2020-07-01
1.1.08,Pulses and products,2.38,149.8,2020-08-01
1.1.08,Pulses and products,2.38,150.9,2020-09-01
1.1.08,Pulses and products,2.38,160.0,2020-11-01
1.1.08,Pulses and products,2.38,160.4,2020-12-01
1.1.08,Pulses and products,2.38,159.2,2021-01-01
1.1.08,Pulses and products,2.38,158.8,2021-02-01
1.1.08,Pulses and products,2.38,159.8,2021-03-01
1.1.08,Pulses and products,2.38,161.7,2021-04-01
1.1.08,Pulses and products,2.38,165.4,2021-05-01
1.1.08,Pulses and products,2.38,166.0,2021-06-01
1.1.08,Pulses and products,2.38,164.0,2021-07-01
1.1.08,Pulses and products,2.38,163.0,2021-08-01
1.1.08,Pulses and products,2.38,164.1,2021-09-01
1.1.08,Pulses and products,2.38,165.3,2021-10-01
1.1.08,Pulses and products,2.38,165.3,2021-11-01
1.1.08,Pulses and products,2.38,164.3,2021-12-01
1.1.08,Pulses and products,2.38,163.9,2022-01-01
1.1.08,Pulses and products,2.38,163.7,2022-02-01
1.1.08,Pulses and products,2.38,163.9,2022-03-01
1.1.08,Pulses and products,2.38,164.7,2022-04-01
1.1.08,Pulses and products,2.38,164.7,2022-05-01
1.1.08,Pulses and products,2.38,164.3,2022-06-01
1.1.08,Pulses and products,2.38,164.3,2022-07-01
1.1.08,Pulses and products,2.38,167.1,2022-08-01
1.1.08,Pulses and products,2.38,169.1,2022-09-01
1.1.08,Pulses and products,2.38,169.8,2022-10-01
1.1.08,Pulses and products,2.38,170.5,2022-11-01
1.1.08,Pulses and products,2.38,170.8,2022-12-01
1.1.08,Pulses and products,2.38,170.9,2023-01-01
1.1.08,Pulses and products,2.38,170.4,2023-02-01
1.1.08,Pulses and products,2.38,171.0,2023-03-01
1.1.08,Pulses and products,2.38,173.4,2023-04-01
1.1.08,Pulses and products,2.38,175.5,2023-05-01
1.1.08,Pulses and products,2.38,181.6,2023-06-01
1.1.08,Pulses and products,2.38,186.1,2023-07-01
1.1.08,Pulses and products,2.38,189.0,2023-08-01
1.1.08,Pulses and products,2.38,196.8,2023-09-01
1.1.08,Pulses and products,2.38,201.7,2023-10-01
1.1.08,Pulses and products,2.38,205.0,2023-11-01
1.1.08,Pulses and products,2.38,206.2,2023-12-01
1.1.08,Pulses and products,2.38,204.3,2024-01-01
1.1.08,Pulses and products,2.38,202.6,2024-02-01
1.1.08,Pulses and products,2.38,201.4,2024-03-01
1.1.08,Pulses and products,2.38,202.6,2024-04-01
1.1.08,Pulses and products,2.38,205.7,2024-05-01
1.1.08,Pulses and products,2.38,210.9,2024-06-01
1.1.08,Pulses and products,2.38,213.7,2024-07-01
1.1.08,Pulses and products,2.38,214.7,2024-08-01
1.1.08,Pulses and products,2.38,216.0,2024-09-01
1.1.08,Pulses and products,2.38,216.8,2024-10-01
1.1.08,Pulses and products,2.38,216.2,2024-11-01
1.1.08,Pulses and products,2.38,214.1,2024-12-01
1.1.08,Pulses and products,2.38,209.6,2025-01-01
1.1.08,Pulses and products,2.38,201.9,2025-02-01
1.1.08,Pulses and products,2.38,196.0,2025-03-01
1.1.08,Pulses and products,2.38,192.0,2025-04-01
1.1.09,Sugar and Confectionery,1.36,113.7,2016-09-01
1.1.09,Sugar and Confectionery,1.36,114.1,2016-10-01
1.1.09,Sugar and Confectionery,1.36,114.2,2016-11-01
1.1.09,Sugar and Confectionery,1.36,114.4,2016-12-01
1.1.09,Sugar and Confectionery,1.36,115.6,2017-01-01
1.1.09,Sugar and Confectionery,1.36,117.4,2017-02-01
1.1.09,Sugar and Confectionery,1.36,118.1,2017-03-01
1.1.09,Sugar and Confectionery,1.36,118.5,2017-04-01
1.1.09,Sugar and Confectionery,1.36,119.4,2017-05-01
1.1.09,Sugar and Confectionery,1.36,119.5,2017-06-01
1.1.09,Sugar and Confectionery,1.36,120.5,2017-07-01
1.1.09,Sugar and Confectionery,1.36,121.2,2017-08-01
1.1.09,Sugar and Confectionery,1.36,121.5,2017-09-01
1.1.09,Sugar and Confectionery,1.36,121.8,2017-10-01
1.1.09,Sugar and Confectionery,1.36,123.0,2017-11-01
1.1.09,Sugar and Confectionery,1.36,121.5,2017-12-01
1.1.09,Sugar and Confectionery,1.36,118.9,2018-01-01
1.1.09,Sugar and Confectionery,1.36,117.0,2018-02-01
1.1.09,Sugar and Confectionery,1.36,116.1,2018-03-01
1.1.09,Sugar and Confectionery,1.36,109.7,2018-05-01
1.1.09,Sugar and Confectionery,1.36,111.1,2018-06-01
1.1.09,Sugar and Confectionery,1.36,113.5,2018-07-01
1.1.09,Sugar and Confectionery,1.36,114.6,2018-08-01
1.1.09,Sugar and Confectionery,1.36,112.5,2018-10-01
1.1.09,Sugar and Confectionery,1.36,111.9,2018-11-01
1.1.09,Sugar and Confectionery,1.36,110.3,2018-12-01
1.1.09,Sugar and Confectionery,1.36,109.1,2019-01-01
1.1.09,Sugar and Confectionery,1.36,109.0,2019-02-01
1.1.09,Sugar and Confectionery,1.36,109.0,2019-03-01
1.1.09,Sugar and Confectionery,1.36,109.1,2019-04-01
1.1.09,Sugar and Confectionery,1.36,109.9,2019-05-01
1.1.09,Sugar and Confectionery,1.36,111.0,2019-06-01
1.1.09,Sugar and Confectionery,1.36,111.1,2019-07-01
1.1.09,Sugar and Confectionery,1.36,112.0,2019-08-01
1.1.09,Sugar and Confectionery,1.36,113.3,2019-09-01
1.1.09,Sugar and Confectionery,1.36,114.0,2019-10-01
1.1.09,Sugar and Confectionery,1.36,114.2,2019-11-01
1.1.09,Sugar and Confectionery,1.36,114.0,2019-12-01
1.1.09,Sugar and Confectionery,1.36,114.1,2020-01-01
1.1.09,Sugar and Confectionery,1.36,113.6,2020-02-01
1.1.09,Sugar and Confectionery,1.36,113.2,2020-03-01
1.1.09,Sugar and Confectionery,1.36,120.3,2020-04-01
1.1.09,Sugar and Confectionery,1.36,116.6,2020-05-01
1.1.09,Sugar and Confectionery,1.36,115.9,2020-06-01
1.1.09,Sugar and Confectionery,1.36,115.1,2020-07-01
1.1.09,Sugar and Confectionery,1.36,116.4,2020-08-01
1.1.09,Sugar and Confectionery,1.36,116.0,2020-09-01
1.1.09,Sugar and Confectionery,1.36,115.2,2020-11-01
1.1.09,Sugar and Confectionery,1.36,114.6,2020-12-01
1.1.09,Sugar and Confectionery,1.36,113.8,2021-01-01
1.1.09,Sugar and Confectionery,1.36,112.8,2021-02-01
1.1.09,Sugar and Confectionery,1.36,112.6,2021-03-01
1.1.09,Sugar and Confectionery,1.36,113.1,2021-04-01
1.1.09,Sugar and Confectionery,1.36,114.9,2021-05-01
1.1.09,Sugar and Confectionery,1.36,115.1,2021-06-01
1.1.09,Sugar and Confectionery,1.36,114.5,2021-07-01
1.1.09,Sugar and Confectionery,1.36,115.7,2021-08-01
1.1.09,Sugar and Confectionery,1.36,119.7,2021-09-01
1.1.09,Sugar and Confectionery,1.36,121.9,2021-10-01
1.1.09,Sugar and Confectionery,1.36,122.4,2021-11-01
1.1.09,Sugar and Confectionery,1.36,121.0,2021-12-01
1.1.09,Sugar and Confectionery,1.36,119.9,2022-01-01
1.1.09,Sugar and Confectionery,1.36,118.9,2022-02-01
1.1.09,Sugar and Confectionery,1.36,118.8,2022-03-01
1.1.09,Sugar and Confectionery,1.36,119.0,2022-04-01
1.1.09,Sugar and Confectionery,1.36,119.7,2022-05-01
1.1.09,Sugar and Confectionery,1.36,119.9,2022-06-01
1.1.09,Sugar and Confectionery,1.36,120.0,2022-07-01
1.1.09,Sugar and Confectionery,1.36,120.9,2022-08-01
1.1.09,Sugar and Confectionery,1.36,121.6,2022-09-01
1.1.09,Sugar and Confectionery,1.36,121.9,2022-10-01
1.1.09,Sugar and Confectionery,1.36,122.1,2022-11-01
1.1.09,Sugar and Confectionery,1.36,121.8,2022-12-01
1.1.09,Sugar and Confectionery,1.36,121.1,2023-01-01
1.1.09,Sugar and Confectionery,1.36,120.4,2023-02-01
1.1.09,Sugar and Confectionery,1.36,120.0,2023-03-01
1.1.09,Sugar and Confectionery,1.36,121.3,2023-04-01
1.1.09,Sugar and Confectionery,1.36,122.7,2023-05-01
1.1.09,Sugar and Confectionery,1.36,123.5,2023-06-01
1.1.09,Sugar and Confectionery,1.36,124.5,2023-07-01
1.1.09,Sugar and Confectionery,1.36,125.5,2023-08-01
1.1.09,Sugar and Confectionery,1.36,127.1,2023-09-01
1.1.09,Sugar and Confectionery,1.36,128.6,2023-10-01
1.1.09,Sugar and Confectionery,1.36,130.1,2023-11-01
1.1.09,Sugar and Confectionery,1.36,130.5,2023-12-01
1.1.09,Sugar and Confectionery,1.36,130.2,2024-01-01
1.1.09,Sugar and Confectionery,1.36,129.4,2024-02-01
1.1.09,Sugar and Confectionery,1.36,128.7,2024-03-01
1.1.09,Sugar and Confectionery,1.36,128.5,2024-04-01
1.1.09,Sugar and Confectionery,1.36,129.7,2024-05-01
1.1.09,Sugar and Confectionery,1.36,130.7,2024-06-01
1.1.09,Sugar and Confectionery,1.36,131.0,2024-07-01
1.1.09,Sugar and Confectionery,1.36,131.4,2024-08-01
1.1.09,Sugar and Confectionery,1.36,131.6,2024-09-01
1.1.09,Sugar and Confectionery,1.36,131.9,2024-10-01
1.1.09,Sugar and Confectionery,1.36,131.8,2024-11-01
1.1.09,Sugar and Confectionery,1.36,131.0,2024-12-01
1.1.09,Sugar and Confectionery,1.36,130.5,2025-01-01
1.1.09,Sugar and Confectionery,1.36,132.2,2025-02-01
1.1.09,Sugar and Confectionery,1.36,133.7,2025-03-01
1.1.09,Sugar and Confectionery,1.36,134.5,2025-04-01
1.1.10,Spices,2.5,138.8,2016-09-01
1.1.10,Spices,2.5,139.3,2016-10-01
1.1.10,Spices,2.5,139.7,2016-11-01
1.1.10,Spices,2.5,140.1,2016-12-01
1.1.10,Spices,2.5,139.6,2017-01-01
1.1.10,Spices,2.5,138.7,2017-02-01
1.1.10,Spices,2.5,137.9,2017-03-01
1.1.10,Spices,2.5,136.7,2017-04-01
1.1.10,Spices,2.5,136.0,2017-05-01
1.1.10,Spices,2.5,135.3,2017-06-01
1.1.10,Spices,2.5,135.2,2017-07-01
1.1.10,Spices,2.5,135.7,2017-08-01
1.1.10,Spices,2.5,135.6,2017-09-01
1.1.10,Spices,2.5,136.3,2017-10-01
1.1.10,Spices,2.5,136.8,2017-11-01
1.1.10,Spices,2.5,137.1,2017-12-01
1.1.10,Spices,2.5,137.6,2018-01-01
1.1.10,Spices,2.5,137.3,2018-02-01
1.1.10,Spices,2.5,137.8,2018-03-01
1.1.10,Spices,2.5,138.1,2018-05-01
1.1.10,Spices,2.5,138.5,2018-06-01
1.1.10,Spices,2.5,138.8,2018-07-01
1.1.10,Spices,2.5,139.5,2018-08-01
1.1.10,Spices,2.5,140.1,2018-10-01
1.1.10,Spices,2.5,141.0,2018-11-01
1.1.10,Spices,2.5,141.0,2018-12-01
1.1.10,Spices,2.5,139.5,2019-01-01
1.1.10,Spices,2.5,139.8,2019-02-01
1.1.10,Spices,2.5,139.5,2019-03-01
1.1.10,Spices,2.5,139.3,2019-04-01
1.1.10,Spices,2.5,139.8,2019-05-01
1.1.10,Spices,2.5,140.6,2019-06-01
1.1.10,Spices,2.5,141.7,2019-07-01
1.1.10,Spices,2.5,142.7,2019-08-01
1.1.10,Spices,2.5,144.1,2019-09-01
1.1.10,Spices,2.5,145.4,2019-10-01
1.1.10,Spices,2.5,147.0,2019-11-01
1.1.10,Spices,2.5,148.7,2019-12-01
1.1.10,Spices,2.5,150.9,2020-01-01
1.1.10,Spices,2.5,152.0,2020-02-01
1.1.10,Spices,2.5,153.2,2020-03-01
1.1.10,Spices,2.5,157.1,2020-04-01
1.1.10,Spices,2.5,157.5,2020-05-01
1.1.10,Spices,2.5,157.1,2020-06-01
1.1.10,Spices,2.5,160.5,2020-07-01
1.1.10,Spices,2.5,160.2,2020-08-01
1.1.10,Spices,2.5,161.0,2020-09-01
1.1.10,Spices,2.5,162.7,2020-11-01
1.1.10,Spices,2.5,164.0,2020-12-01
1.1.10,Spices,2.5,164.5,2021-01-01
1.1.10,Spices,2.5,164.2,2021-02-01
1.1.10,Spices,2.5,163.5,2021-03-01
1.1.10,Spices,2.5,163.9,2021-04-01
1.1.10,Spices,2.5,168.2,2021-05-01
1.1.10,Spices,2.5,168.5,2021-06-01
1.1.10,Spices,2.5,168.3,2021-07-01
1.1.10,Spices,2.5,168.4,2021-08-01
1.1.10,Spices,2.5,168.8,2021-09-01
1.1.10,Spices,2.5,169.3,2021-10-01
1.1.10,Spices,2.5,169.6,2021-11-01
1.1.10,Spices,2.5,170.5,2021-12-01
1.1.10,Spices,2.5,172.1,2022-01-01
1.1.10,Spices,2.5,174.2,2022-02-01
1.1.10,Spices,2.5,177.4,2022-03-01
1.1.10,Spices,2.5,181.2,2022-04-01
1.1.10,Spices,2.5,184.9,2022-05-01
1.1.10,Spices,2.5,187.1,2022-06-01
1.1.10,Spices,2.5,190.0,2022-07-01
1.1.10,Spices,2.5,193.6,2022-08-01
1.1.10,Spices,2.5,197.3,2022-09-01
1.1.10,Spices,2.5,199.8,2022-10-01
1.1.10,Spices,2.5,202.7,2022-11-01
1.1.10,Spices,2.5,205.2,2022-12-01
1.1.10,Spices,2.5,208.4,2023-01-01
1.1.10,Spices,2.5,209.5,2023-02-01
1.1.10,Spices,2.5,209.7,2023-03-01
1.1.10,Spices,2.5,212.9,2023-04-01
1.1.10,Spices,2.5,218.0,2023-05-01
1.1.10,Spices,2.5,223.0,2023-06-01
1.1.10,Spices,2.5,231.1,2023-07-01
1.1.10,Spices,2.5,238.5,2023-08-01
1.1.10,Spices,2.5,242.8,2023-09-01
1.1.10,Spices,2.5,245.4,2023-10-01
1.1.10,Spices,2.5,246.5,2023-11-01
1.1.10,Spices,2.5,245.6,2023-12-01
1.1.10,Spices,2.5,242.5,2024-01-01
1.1.10,Spices,2.5,237.8,2024-02-01
1.1.10,Spices,2.5,233.6,2024-03-01
1.1.10,Spices,2.5,229.4,2024-04-01
1.1.10,Spices,2.5,227.3,2024-05-01
1.1.10,Spices,2.5,227.7,2024-06-01
1.1.10,Spices,2.5,227.9,2024-07-01
1.1.10,Spices,2.5,228.0,2024-08-01
1.1.10,Spices,2.5,228.0,2024-09-01
1.1.10,Spices,2.5,228.1,2024-10-01
1.1.10,Spices,2.5,228.1,2024-11-01
1.1.10,Spices,2.5,227.4,2024-12-01
1.1.10,Spices,2.5,225.8,2025-01-01
1.1.10,Spices,2.5,223.9,2025-02-01
1.1.10,Spices,2.5,222.1,2025-03-01
1.1.10,Spices,2.5,221.6,2025-04-01
1.1.12,"Prepared meals, snacks, sweets etc.",5.55,140.2,2016-09-01
1.1.12,"Prepared meals, snacks, sweets etc.",5.55,141.2,2016-10-01
1.1.12,"Prepared meals, snacks, sweets etc.",5.55,141.8,2016-11-01
1.1.12,"Prepared meals, snacks, sweets etc.",5.55,142.3,2016-12-01
1.1.12,"Prepared meals, snacks, sweets etc.",5.55,142.8,2017-01-01
1.1.12,"Prepared meals, snacks, sweets etc.",5.55,143.2,2017-02-01
1.1.12,"Prepared meals, snacks, sweets etc.",5.55,144.0,2017-03-01
1.1.12,"Prepared meals, snacks, sweets etc.",5.55,144.2,2017-04-01
1.1.12,"Prepared meals, snacks, sweets etc.",5.55,144.5,2017-05-01
1.1.12,"Prepared meals, snacks, sweets etc.",5.55,144.9,2017-06-01
1.1.12,"Prepared meals, snacks, sweets etc.",5.55,145.8,2017-07-01
1.1.12,"Prepared meals, snacks, sweets etc.",5.55,146.8,2017-08-01
1.1.12,"Prepared meals, snacks, sweets etc.",5.55,147.3,2017-09-01
1.1.12,"Prepared meals, snacks, sweets etc.",5.55,148.1,2017-10-01
1.1.12,"Prepared meals, snacks, sweets etc.",5.55,148.9,2017-11-01
1.1.12,"Prepared meals, snacks, sweets etc.",5.55,149.0,2017-12-01
1.1.12,"Prepared meals, snacks, sweets etc.",5.55,149.5,2018-01-01
1.1.12,"Prepared meals, snacks, sweets etc.",5.55,149.6,2018-02-01
1.1.12,"Prepared meals, snacks, sweets etc.",5.55,150.4,2018-03-01
1.1.12,"Prepared meals, snacks, sweets etc.",5.55,151.7,2018-05-01
1.1.12,"Prepared meals, snacks, sweets etc.",5.55,151.9,2018-06-01
1.1.12,"Prepared meals, snacks, sweets etc.",5.55,152.3,2018-07-01
1.1.12,"Prepared meals, snacks, sweets etc.",5.55,152.9,2018-08-01
1.1.12,"Prepared meals, snacks, sweets etc.",5.55,153.7,2018-10-01
1.1.12,"Prepared meals, snacks, sweets etc.",5.55,154.5,2018-11-01
1.1.12,"Prepared meals, snacks, sweets etc.",5.55,154.7,2018-12-01
1.1.12,"Prepared meals, snacks, sweets etc.",5.55,154.7,2019-01-01
1.1.12,"Prepared meals, snacks, sweets etc.",5.55,154.9,2019-02-01
1.1.12,"Prepared meals, snacks, sweets etc.",5.55,155.3,2019-03-01
1.1.12,"Prepared meals, snacks, sweets etc.",5.55,155.3,2019-04-01
1.1.12,"Prepared meals, snacks, sweets etc.",5.55,155.5,2019-05-01
1.1.12,"Prepared meals, snacks, sweets etc.",5.55,155.9,2019-06-01
1.1.12,"Prepared meals, snacks, sweets etc.",5.55,156.2,2019-07-01
1.1.12,"Prepared meals, snacks, sweets etc.",5.55,156.6,2019-08-01
1.1.12,"Prepared meals, snacks, sweets etc.",5.55,156.8,2019-09-01
1.1.12,"Prepared meals, snacks, sweets etc.",5.55,157.1,2019-10-01
1.1.12,"Prepared meals, snacks, sweets etc.",5.55,157.5,2019-11-01
1.1.12,"Prepared meals, snacks, sweets etc.",5.55,158.0,2019-12-01
1.1.12,"Prepared meals, snacks, sweets etc.",5.55,158.6,2020-01-01
1.1.12,"Prepared meals, snacks, sweets etc.",5.55,159.1,2020-02-01
1.1.12,"Prepared meals, snacks, sweets etc.",5.55,159.6,2020-03-01
1.1.12,"Prepared meals, snacks, sweets etc.",5.55,162.6,2020-06-01
1.1.12,"Prepared meals, snacks, sweets etc.",5.55,162.4,2020-07-01
1.1.12,"Prepared meals, snacks, sweets etc.",5.55,162.9,2020-08-01
1.1.12,"Prepared meals, snacks, sweets etc.",5.55,163.2,2020-09-01
1.1.12,"Prepared meals, snacks, sweets etc.",5.55,164.7,2020-11-01
1.1.12,"Prepared meals, snacks, sweets etc.",5.55,165.6,2020-12-01
1.1.12,"Prepared meals, snacks, sweets etc.",5.55,166.7,2021-01-01
1.1.12,"Prepared meals, snacks, sweets etc.",5.55,167.5,2021-02-01
1.1.12,"Prepared meals, snacks, sweets etc.",5.55,168.2,2021-03-01
1.1.12,"Prepared meals, snacks, sweets etc.",5.55,168.9,2021-04-01
1.1.12,"Prepared meals, snacks, sweets etc.",5.55,170.4,2021-05-01
1.1.12,"Prepared meals, snacks, sweets etc.",5.55,172.4,2021-06-01
1.1.12,"Prepared meals, snacks, sweets etc.",5.55,172.1,2021-07-01
1.1.12,"Prepared meals, snacks, sweets etc.",5.55,172.9,2021-08-01
1.1.12,"Prepared meals, snacks, sweets etc.",5.55,173.9,2021-09-01
1.1.12,"Prepared meals, snacks, sweets etc.",5.55,174.7,2021-10-01
1.1.12,"Prepared meals, snacks, sweets etc.",5.55,175.4,2021-11-01
1.1.12,"Prepared meals, snacks, sweets etc.",5.55,176.5,2021-12-01
1.1.12,"Prepared meals, snacks, sweets etc.",5.55,177.3,2022-01-01
1.1.12,"Prepared meals, snacks, sweets etc.",5.55,178.0,2022-02-01
1.1.12,"Prepared meals, snacks, sweets etc.",5.55,179.3,2022-03-01
1.1.12,"Prepared meals, snacks, sweets etc.",5.55,180.9,2022-04-01
1.1.12,"Prepared meals, snacks, sweets etc.",5.55,182.5,2022-05-01
1.1.12,"Prepared meals, snacks, sweets etc.",5.55,183.9,2022-06-01
1.1.12,"Prepared meals, snacks, sweets etc.",5.55,185.2,2022-07-01
1.1.12,"Prepared meals, snacks, sweets etc.",5.55,186.3,2022-08-01
1.1.12,"Prepared meals, snacks, sweets etc.",5.55,187.4,2022-09-01
1.1.12,"Prepared meals, snacks, sweets etc.",5.55,188.4,2022-10-01
1.1.12,"Prepared meals, snacks, sweets etc.",5.55,189.4,2022-11-01
1.1.12,"Prepared meals, snacks, sweets etc.",5.55,190.2,2022-12-01
1.1.12,"Prepared meals, snacks, sweets etc.",5.55,191.1,2023-01-01
1.1.12,"Prepared meals, snacks, sweets etc.",5.55,192.2,2023-02-01
1.1.12,"Prepared meals, snacks, sweets etc.",5.55,193.0,2023-03-01
1.1.12,"Prepared meals, snacks, sweets etc.",5.55,193.5,2023-04-01
1.1.12,"Prepared meals, snacks, sweets etc.",5.55,194.1,2023-05-01
1.1.12,"Prepared meals, snacks, sweets etc.",5.55,194.7,2023-06-01
1.1.12,"Prepared meals, snacks, sweets etc.",5.55,195.4,2023-07-01
1.1.12,"Prepared meals, snacks, sweets etc.",5.55,196.2,2023-08-01
1.1.12,"Prepared meals, snacks, sweets etc.",5.55,196.7,2023-09-01
1.1.12,"Prepared meals, snacks, sweets etc.",5.55,197.2,2023-10-01
1.1.12,"Prepared meals, snacks, sweets etc.",5.55,197.5,2023-11-01
1.1.12,"Prepared meals, snacks, sweets etc.",5.55,198.1,2023-12-01
1.1.12,"Prepared meals, snacks, sweets etc.",5.55,198.8,2024-01-01
1.1.12,"Prepared meals, snacks, sweets etc.",5.55,199.3,2024-02-01
1.1.12,"Prepared meals, snacks, sweets etc.",5.55,199.9,2024-03-01
1.1.12,"Prepared meals, snacks, sweets etc.",5.55,200.2,2024-04-01
1.1.12,"Prepared meals, snacks, sweets etc.",5.55,200.7,2024-05-01
1.1.12,"Prepared meals, snacks, sweets etc.",5.55,201.6,2024-06-01
1.1.12,"Prepared meals, snacks, sweets etc.",5.55,202.1,2024-07-01
1.1.12,"Prepared meals, snacks, sweets etc.",5.55,203.0,2024-08-01
1.1.12,"Prepared meals, snacks, sweets etc.",5.55,203.7,2024-09-01
1.1.12,"Prepared meals, snacks, sweets etc.",5.55,204.4,2024-10-01
1.1.12,"Prepared meals, snacks, sweets etc.",5.55,205.3,2024-11-01
1.1.12,"Prepared meals, snacks, sweets etc.",5.55,206.0,2024-12-01
1.1.12,"Prepared meals, snacks, sweets etc.",5.55,206.9,2025-01-01
1.1.12,"Prepared meals, snacks, sweets etc.",5.55,207.7,2025-02-01
1.1.12,"Prepared meals, snacks, sweets etc.",5.55,208.5,2025-03-01
1.1.12,"Prepared meals, snacks, sweets etc.",5.55,209.0,2025-04-01
1.2.11,Non-alcoholic beverages,1.26,125.8,2016-09-01
1.2.11,Non-alcoholic beverages,1.26,126.1,2016-10-01
1.2.11,Non-alcoholic beverages,1.26,126.2,2016-11-01
1.2.11,Non-alcoholic beverages,1.26,126.6,2016-12-01
1.2.11,Non-alcoholic beverages,1.26,126.5,2017-01-01
1.2.11,Non-alcoholic beverages,1.26,126.9,2017-02-01
1.2.11,Non-alcoholic beverages,1.26,127.0,2017-03-01
1.2.11,Non-alcoholic beverages,1.26,127.5,2017-04-01
1.2.11,Non-alcoholic beverages,1.26,127.5,2017-05-01
1.2.11,Non-alcoholic beverages,1.26,127.9,2017-06-01
1.2.11,Non-alcoholic beverages,1.26,128.5,2017-07-01
1.2.11,Non-alcoholic beverages,1.26,128.7,2017-08-01
1.2.11,Non-alcoholic beverages,1.26,128.8,2017-09-01
1.2.11,Non-alcoholic beverages,1.26,128.7,2017-10-01
1.2.11,Non-alcoholic beverages,1.26,129.3,2017-11-01
1.2.11,Non-alcoholic beverages,1.26,128.8,2017-12-01
1.2.11,Non-alcoholic beverages,1.26,129.0,2018-01-01
1.2.11,Non-alcoholic beverages,1.26,128.6,2018-02-01
1.2.11,Non-alcoholic beverages,1.26,129.0,2018-03-01
1.2.11,Non-alcoholic beverages,1.26,129.9,2018-05-01
1.2.11,Non-alcoholic beverages,1.26,130.3,2018-06-01
1.2.11,Non-alcoholic beverages,1.26,130.3,2018-07-01
1.2.11,Non-alcoholic beverages,1.26,131.1,2018-08-01
1.2.11,Non-alcoholic beverages,1.26,131.7,2018-10-01
1.2.11,Non-alcoholic beverages,1.26,133.6,2018-11-01
1.2.11,Non-alcoholic beverages,1.26,133.9,2018-12-01
1.2.11,Non-alcoholic beverages,1.26,133.5,2019-01-01
1.2.11,Non-alcoholic beverages,1.26,133.6,2019-02-01
1.2.11,Non-alcoholic beverages,1.26,133.7,2019-03-01
1.2.11,Non-alcoholic beverages,1.26,133.8,2019-04-01
1.2.11,Non-alcoholic beverages,1.26,134.0,2019-05-01
1.2.11,Non-alcoholic beverages,1.26,134.3,2019-06-01
1.2.11,Non-alcoholic beverages,1.26,134.7,2019-07-01
1.2.11,Non-alcoholic beverages,1.26,134.9,2019-08-01
1.2.11,Non-alcoholic beverages,1.26,135.0,2019-09-01
1.2.11,Non-alcoholic beverages,1.26,135.1,2019-10-01
1.2.11,Non-alcoholic beverages,1.26,135.3,2019-11-01
1.2.11,Non-alcoholic beverages,1.26,135.7,2019-12-01
1.2.11,Non-alcoholic beverages,1.26,136.1,2020-01-01
1.2.11,Non-alcoholic beverages,1.26,136.5,2020-02-01
1.2.11,Non-alcoholic beverages,1.26,136.7,2020-03-01
1.2.11,Non-alcoholic beverages,1.26,136.8,2020-04-01
1.2.11,Non-alcoholic beverages,1.26,138.2,2020-05-01
1.2.11,Non-alcoholic beverages,1.26,140.2,2020-06-01
1.2.11,Non-alcoholic beverages,1.26,140.6,2020-07-01
1.2.11,Non-alcoholic beverages,1.26,142.1,2020-08-01
1.2.11,Non-alcoholic beverages,1.26,143.9,2020-09-01
1.2.11,Non-alcoholic beverages,1.26,149.0,2020-11-01
1.2.11,Non-alcoholic beverages,1.26,151.9,2020-12-01
1.2.11,Non-alcoholic beverages,1.26,154.0,2021-01-01
1.2.11,Non-alcoholic beverages,1.26,155.5,2021-02-01
1.2.11,Non-alcoholic beverages,1.26,156.4,2021-03-01
1.2.11,Non-alcoholic beverages,1.26,157.6,2021-04-01
1.2.11,Non-alcoholic beverages,1.26,159.3,2021-05-01
1.2.11,Non-alcoholic beverages,1.26,159.9,2021-06-01
1.2.11,Non-alcoholic beverages,1.26,160.9,2021-07-01
1.2.11,Non-alcoholic beverages,1.26,161.9,2021-08-01
1.2.11,Non-alcoholic beverages,1.26,162.7,2021-09-01
1.2.11,Non-alcoholic beverages,1.26,163.2,2021-10-01
1.2.11,Non-alcoholic beverages,1.26,163.6,2021-11-01
1.2.11,Non-alcoholic beverages,1.26,164.2,2021-12-01
1.2.11,Non-alcoholic beverages,1.26,164.2,2022-01-01
1.2.11,Non-alcoholic beverages,1.26,164.7,2022-02-01
1.2.11,Non-alcoholic beverages,1.26,165.3,2022-03-01
1.2.11,Non-alcoholic beverages,1.26,166.2,2022-04-01
1.2.11,Non-alcoholic beverages,1.26,167.1,2022-05-01
1.2.11,Non-alcoholic beverages,1.26,167.8,2022-06-01
1.2.11,Non-alcoholic beverages,1.26,168.4,2022-07-01
1.2.11,Non-alcoholic beverages,1.26,168.8,2022-08-01
1.2.11,Non-alcoholic beverages,1.26,169.4,2022-09-01
1.2.11,Non-alcoholic beverages,1.26,169.9,2022-10-01
1.2.11,Non-alcoholic beverages,1.26,170.4,2022-11-01
1.2.11,Non-alcoholic beverages,1.26,171.0,2022-12-01
1.2.11,Non-alcoholic beverages,1.26,171.4,2023-01-01
1.2.11,Non-alcoholic beverages,1.26,171.9,2023-02-01
1.2.11,Non-alcoholic beverages,1.26,172.3,2023-03-01
1.2.11,Non-alcoholic beverages,1.26,173.0,2023-04-01
1.2.11,Non-alcoholic beverages,1.26,173.3,2023-05-01
1.2.11,Non-alcoholic beverages,1.26,174.0,2023-06-01
1.2.11,Non-alcoholic beverages,1.26,174.5,2023-07-01
1.2.11,Non-alcoholic beverages,1.26,175.0,2023-08-01
1.2.11,Non-alcoholic beverages,1.26,175.4,2023-09-01
1.2.11,Non-alcoholic beverages,1.26,175.8,2023-10-01
1.2.11,Non-alcoholic beverages,1.26,176.5,2023-11-01
1.2.11,Non-alcoholic beverages,1.26,176.7,2023-12-01
1.2.11,Non-alcoholic beverages,1.26,177.1,2024-01-01
1.2.11,Non-alcoholic beverages,1.26,177.0,2024-02-01
1.2.11,Non-alcoholic beverages,1.26,177.1,2024-03-01
1.2.11,Non-alcoholic beverages,1.26,177.4,2024-04-01
1.2.11,Non-alcoholic beverages,1.26,177.6,2024-05-01
1.2.11,Non-alcoholic beverages,1.26,178.1,2024-06-01
1.2.11,Non-alcoholic beverages,1.26,178.5,2024-07-01
1.2.11,Non-alcoholic beverages,1.26,179.2,2024-08-01
1.2.11,Non-alcoholic beverages,1.26,179.9,2024-09-01
1.2.11,Non-alcoholic beverages,1.26,180.7,2024-10-01
1.2.11,Non-alcoholic beverages,1.26,181.3,2024-11-01
1.2.11,Non-alcoholic beverages,1.26,182.1,2024-12-01
1.2.11,Non-alcoholic beverages,1.26,183.1,2025-01-01
1.2.11,Non-alcoholic beverages,1.26,183.7,2025-02-01
1.2.11,Non-alcoholic beverages,1.26,184.3,2025-03-01
1.2.11,Non-alcoholic beverages,1.26,185.2,2025-04-01
3.1.01,Clothing,5.58,134.6,2016-09-01
3.1.01,Clothing,5.58,135.5,2016-10-01
3.1.01,Clothing,5.58,135.9,2016-11-01
3.1.01,Clothing,5.58,136.3,2016-12-01
3.1.01,Clothing,5.58,136.6,2017-01-01
3.1.01,Clothing,5.58,136.8,2017-02-01
3.1.01,Clothing,5.58,137.4,2017-03-01
3.1.01,Clothing,5.58,138.0,2017-04-01
3.1.01,Clothing,5.58,138.2,2017-05-01
3.1.01,Clothing,5.58,138.5,2017-06-01
3.1.01,Clothing,5.58,139.3,2017-07-01
3.1.01,Clothing,5.58,140.3,2017-08-01
3.1.01,Clothing,5.58,141.1,2017-09-01
3.1.01,Clothing,5.58,142.0,2017-10-01
3.1.01,Clothing,5.58,142.9,2017-11-01
3.1.01,Clothing,5.58,143.1,2017-12-01
3.1.01,Clothing,5.58,143.5,2018-01-01
3.1.01,Clothing,5.58,143.8,2018-02-01
3.1.01,Clothing,5.58,144.3,2018-03-01
3.1.01,Clothing,5.58,145.9,2018-05-01
3.1.01,Clothing,5.58,146.5,2018-06-01
3.1.01,Clothing,5.58,146.8,2018-07-01
3.1.01,Clothing,5.58,147.3,2018-08-01
3.1.01,Clothing,5.58,147.0,2018-10-01
3.1.01,Clothing,5.58,148.0,2018-11-01
3.1.01,Clothing,5.58,148.2,2018-12-01
3.1.01,Clothing,5.58,147.7,2019-01-01
3.1.01,Clothing,5.58,147.7,2019-02-01
3.1.01,Clothing,5.58,147.9,2019-03-01
3.1.01,Clothing,5.58,148.1,2019-04-01
3.1.01,Clothing,5.58,148.5,2019-05-01
3.1.01,Clothing,5.58,148.6,2019-06-01
3.1.01,Clothing,5.58,149.3,2019-07-01
3.1.01,Clothing,5.58,149.1,2019-08-01
3.1.01,Clothing,5.58,149.2,2019-09-01
3.1.01,Clothing,5.58,149.4,2019-10-01
3.1.01,Clothing,5.58,149.9,2019-11-01
3.1.01,Clothing,5.58,150.3,2019-12-01
3.1.01,Clothing,5.58,150.6,2020-01-01
3.1.01,Clothing,5.58,150.8,2020-02-01
3.1.01,Clothing,5.58,151.2,2020-03-01
3.1.01,Clothing,5.58,154.1,2020-06-01
3.1.01,Clothing,5.58,153.3,2020-07-01
3.1.01,Clothing,5.58,153.4,2020-08-01
3.1.01,Clothing,5.58,153.7,2020-09-01
3.1.01,Clothing,5.58,154.9,2020-11-01
3.1.01,Clothing,5.58,155.5,2020-12-01
3.1.01,Clothing,5.58,156.3,2021-01-01
3.1.01,Clothing,5.58,157.2,2021-02-01
3.1.01,Clothing,5.58,157.8,2021-03-01
3.1.01,Clothing,5.58,158.8,2021-04-01
3.1.01,Clothing,5.58,161.7,2021-05-01
3.1.01,Clothing,5.58,162.3,2021-06-01
3.1.01,Clothing,5.58,162.9,2021-07-01
3.1.01,Clothing,5.58,163.7,2021-08-01
3.1.01,Clothing,5.58,164.5,2021-09-01
3.1.01,Clothing,5.58,165.7,2021-10-01
3.1.01,Clothing,5.58,167.2,2021-11-01
3.1.01,Clothing,5.58,168.5,2021-12-01
3.1.01,Clothing,5.58,169.9,2022-01-01
3.1.01,Clothing,5.58,170.9,2022-02-01
3.1.01,Clothing,5.58,172.1,2022-03-01
3.1.01,Clothing,5.58,173.9,2022-04-01
3.1.01,Clothing,5.58,175.6,2022-05-01
3.1.01,Clothing,5.58,177.1,2022-06-01
3.1.01,Clothing,5.58,178.3,2022-07-01
3.1.01,Clothing,5.58,179.5,2022-08-01
3.1.01,Clothing,5.58,180.9,2022-09-01
3.1.01,Clothing,5.58,181.9,2022-10-01
3.1.01,Clothing,5.58,183.1,2022-11-01
3.1.01,Clothing,5.58,184.0,2022-12-01
3.1.01,Clothing,5.58,184.9,2023-01-01
3.1.01,Clothing,5.58,185.6,2023-02-01
3.1.01,Clothing,5.58,186.2,2023-03-01
3.1.01,Clothing,5.58,186.8,2023-04-01
3.1.01,Clothing,5.58,187.3,2023-05-01
3.1.01,Clothing,5.58,188.0,2023-06-01
3.1.01,Clothing,5.58,188.4,2023-07-01
3.1.01,Clothing,5.58,188.9,2023-08-01
3.1.01,Clothing,5.58,189.3,2023-09-01
3.1.01,Clothing,5.58,190.0,2023-10-01
3.1.01,Clothing,5.58,190.5,2023-11-01
3.1.01,Clothing,5.58,190.9,2023-12-01
3.1.01,Clothing,5.58,191.2,2024-01-01
3.1.01,Clothing,5.58,191.5,2024-02-01
3.1.01,Clothing,5.58,191.9,2024-03-01
3.1.01,Clothing,5.58,192.3,2024-04-01
3.1.01,Clothing,5.58,192.6,2024-05-01
3.1.01,Clothing,5.58,193.3,2024-06-01
3.1.01,Clothing,5.58,193.6,2024-07-01
3.1.01,Clothing,5.58,194.1,2024-08-01
3.1.01,Clothing,5.58,194.6,2024-09-01
3.1.01,Clothing,5.58,195.3,2024-10-01
3.1.01,Clothing,5.58,195.9,2024-11-01
3.1.01,Clothing,5.58,196.2,2024-12-01
3.1.01,Clothing,5.58,196.5,2025-01-01
3.1.01,Clothing,5.58,196.8,2025-02-01
3.1.01,Clothing,5.58,197.1,2025-03-01
3.1.01,Clothing,5.58,197.5,2025-04-01
3.1.02,Footwear,0.95,128.4,2016-09-01
3.1.02,Footwear,0.95,129.1,2016-10-01
3.1.02,Footwear,0.95,129.3,2016-11-01
3.1.02,Footwear,0.95,129.8,2016-12-01
3.1.02,Footwear,0.95,130.1,2017-01-01
3.1.02,Footwear,0.95,130.3,2017-02-01
3.1.02,Footwear,0.95,130.6,2017-03-01
3.1.02,Footwear,0.95,131.1,2017-04-01
3.1.02,Footwear,0.95,131.4,2017-05-01
3.1.02,Footwear,0.95,131.7,2017-06-01
3.1.02,Footwear,0.95,132.1,2017-07-01
3.1.02,Footwear,0.95,133.1,2017-08-01
3.1.02,Footwear,0.95,133.4,2017-09-01
3.1.02,Footwear,0.95,134.1,2017-10-01
3.1.02,Footwear,0.95,134.8,2017-11-01
3.1.02,Footwear,0.95,135.1,2017-12-01
3.1.02,Footwear,0.95,135.5,2018-01-01
3.1.02,Footwear,0.95,135.7,2018-02-01
3.1.02,Footwear,0.95,136.2,2018-03-01
3.1.02,Footwear,0.95,137.4,2018-05-01
3.1.02,Footwear,0.95,138.1,2018-06-01
3.1.02,Footwear,0.95,138.4,2018-07-01
3.1.02,Footwear,0.95,138.9,2018-08-01
3.1.02,Footwear,0.95,138.5,2018-10-01
3.1.02,Footwear,0.95,139.2,2018-11-01
3.1.02,Footwear,0.95,139.5,2018-12-01
3.1.02,Footwear,0.95,139.1,2019-01-01
3.1.02,Footwear,0.95,139.8,2019-02-01
3.1.02,Footwear,0.95,139.9,2019-03-01
3.1.02,Footwear,0.95,140.0,2019-04-01
3.1.02,Footwear,0.95,140.4,2019-05-01
3.1.02,Footwear,0.95,140.3,2019-06-01
3.1.02,Footwear,0.95,140.5,2019-07-01
3.1.02,Footwear,0.95,140.6,2019-08-01
3.1.02,Footwear,0.95,140.7,2019-09-01
3.1.02,Footwear,0.95,140.8,2019-10-01
3.1.02,Footwear,0.95,141.0,2019-11-01
3.1.02,Footwear,0.95,141.3,2019-12-01
3.1.02,Footwear,0.95,141.5,2020-01-01
3.1.02,Footwear,0.95,141.7,2020-02-01
3.1.02,Footwear,0.95,141.9,2020-03-01
3.1.02,Footwear,0.95,144.1,2020-06-01
3.1.02,Footwear,0.95,143.6,2020-07-01
3.1.02,Footwear,0.95,144.3,2020-08-01
3.1.02,Footwear,0.95,144.6,2020-09-01
3.1.02,Footwear,0.95,145.4,2020-11-01
3.1.02,Footwear,0.95,146.1,2020-12-01
3.1.02,Footwear,0.95,146.7,2021-01-01
3.1.02,Footwear,0.95,147.4,2021-02-01
3.1.02,Footwear,0.95,147.9,2021-03-01
3.1.02,Footwear,0.95,148.6,2021-04-01
3.1.02,Footwear,0.95,152.4,2021-05-01
3.1.02,Footwear,0.95,151.9,2021-06-01
3.1.02,Footwear,0.95,153.2,2021-07-01
3.1.02,Footwear,0.95,154.3,2021-08-01
3.1.02,Footwear,0.95,155.3,2021-09-01
3.1.02,Footwear,0.95,156.3,2021-10-01
3.1.02,Footwear,0.95,157.4,2021-11-01
3.1.02,Footwear,0.95,158.7,2021-12-01
3.1.02,Footwear,0.95,160.7,2022-01-01
3.1.02,Footwear,0.95,162.4,2022-02-01
3.1.02,Footwear,0.95,164.6,2022-03-01
3.1.02,Footwear,0.95,166.5,2022-04-01
3.1.02,Footwear,0.95,168.4,2022-05-01
3.1.02,Footwear,0.95,169.9,2022-06-01
3.1.02,Footwear,0.95,171.3,2022-07-01
3.1.02,Footwear,0.95,172.7,2022-08-01
3.1.02,Footwear,0.95,174.4,2022-09-01
3.1.02,Footwear,0.95,175.3,2022-10-01
3.1.02,Footwear,0.95,176.3,2022-11-01
3.1.02,Footwear,0.95,176.9,2022-12-01
3.1.02,Footwear,0.95,177.6,2023-01-01
3.1.02,Footwear,0.95,178.3,2023-02-01
3.1.02,Footwear,0.95,178.7,2023-03-01
3.1.02,Footwear,0.95,179.2,2023-04-01
3.1.02,Footwear,0.95,179.7,2023-05-01
3.1.02,Footwear,0.95,180.3,2023-06-01
3.1.02,Footwear,0.95,180.7,2023-07-01
3.1.02,Footwear,0.95,181.1,2023-08-01
3.1.02,Footwear,0.95,181.4,2023-09-01
3.1.02,Footwear,0.95,181.6,2023-10-01
3.1.02,Footwear,0.95,182.0,2023-11-01
3.1.02,Footwear,0.95,182.4,2023-12-01
3.1.02,Footwear,0.95,182.7,2024-01-01
3.1.02,Footwear,0.95,183.0,2024-02-01
3.1.02,Footwear,0.95,183.3,2024-03-01
3.1.02,Footwear,0.95,183.5,2024-04-01
3.1.02,Footwear,0.95,183.5,2024-05-01
3.1.02,Footwear,0.95,183.9,2024-06-01
3.1.02,Footwear,0.95,184.3,2024-07-01
3.1.02,Footwear,0.95,184.7,2024-08-01
3.1.02,Footwear,0.95,185.0,2024-09-01
3.1.02,Footwear,0.95,185.5,2024-10-01
3.1.02,Footwear,0.95,185.9,2024-11-01
3.1.02,Footwear,0.95,186.1,2024-12-01
3.1.02,Footwear,0.95,186.5,2025-01-01
3.1.02,Footwear,0.95,186.7,2025-02-01
3.1.02,Footwear,0.95,187.0,2025-03-01
3.1.02,Footwear,0.95,187.3,2025-04-01
6.1.01,Household goods and services,3.8,127.9,2016-09-01
6.1.01,Household goods and services,3.8,128.4,2016-10-01
6.1.01,Household goods and services,3.8,128.6,2016-11-01
6.1.01,Household goods and services,3.8,129.1,2016-12-01
6.1.01,Household goods and services,3.8,129.4,2017-01-01
6.1.01,Household goods and services,3.8,129.7,2017-02-01
6.1.01,Household goods and services,3.8,130.2,2017-03-01
6.1.01,Household goods and services,3.8,130.4,2017-04-01
6.1.01,Household goods and services,3.8,131.0,2017-05-01
6.1.01,Household goods and services,3.8,131.2,2017-06-01
6.1.01,Household goods and services,3.8,131.9,2017-07-01
6.1.01,Household goods and services,3.8,132.8,2017-08-01
6.1.01,Household goods and services,3.8,133.3,2017-09-01
6.1.01,Household goods and services,3.8,133.6,2017-10-01
6.1.01,Household goods and services,3.8,134.4,2017-11-01
6.1.01,Household goods and services,3.8,134.6,2017-12-01
6.1.01,Household goods and services,3.8,134.9,2018-01-01
6.1.01,Household goods and services,3.8,135.1,2018-02-01
6.1.01,Household goods and services,3.8,135.7,2018-03-01
6.1.01,Household goods and services,3.8,137.4,2018-05-01
6.1.01,Household goods and services,3.8,138.0,2018-06-01
6.1.01,Household goods and services,3.8,138.6,2018-07-01
6.1.01,Household goods and services,3.8,139.3,2018-08-01
6.1.01,Household goods and services,3.8,141.7,2018-10-01
6.1.01,Household goods and services,3.8,142.2,2018-11-01
6.1.01,Household goods and services,3.8,143.3,2018-12-01
6.1.01,Household goods and services,3.8,143.6,2019-01-01
6.1.01,Household goods and services,3.8,143.7,2019-02-01
6.1.01,Household goods and services,3.8,143.8,2019-03-01
6.1.01,Household goods and services,3.8,143.5,2019-04-01
6.1.01,Household goods and services,3.8,143.7,2019-05-01
6.1.01,Household goods and services,3.8,143.8,2019-06-01
6.1.01,Household goods and services,3.8,144.2,2019-07-01
6.1.01,Household goods and services,3.8,144.5,2019-08-01
6.1.01,Household goods and services,3.8,144.6,2019-09-01
6.1.01,Household goods and services,3.8,145.0,2019-10-01
6.1.01,Household goods and services,3.8,145.3,2019-11-01
6.1.01,Household goods and services,3.8,145.7,2019-12-01
6.1.01,Household goods and services,3.8,146.2,2020-01-01
6.1.01,Household goods and services,3.8,146.4,2020-02-01
6.1.01,Household goods and services,3.8,146.4,2020-03-01
6.1.01,Household goods and services,3.8,147.1,2020-06-01
6.1.01,Household goods and services,3.8,148.7,2020-07-01
6.1.01,Household goods and services,3.8,148.8,2020-08-01
6.1.01,Household goods and services,3.8,148.8,2020-09-01
6.1.01,Household goods and services,3.8,149.6,2020-11-01
6.1.01,Household goods and services,3.8,150.1,2020-12-01
6.1.01,Household goods and services,3.8,150.3,2021-01-01
6.1.01,Household goods and services,3.8,150.9,2021-02-01
6.1.01,Household goods and services,3.8,151.2,2021-03-01
6.1.01,Household goods and services,3.8,151.9,2021-04-01
6.1.01,Household goods and services,3.8,155.0,2021-05-01
6.1.01,Household goods and services,3.8,154.9,2021-06-01
6.1.01,Household goods and services,3.8,155.7,2021-07-01
6.1.01,Household goods and services,3.8,156.8,2021-08-01
6.1.01,Household goods and services,3.8,157.5,2021-09-01
6.1.01,Household goods and services,3.8,158.4,2021-10-01
6.1.01,Household goods and services,3.8,159.3,2021-11-01
6.1.01,Household goods and services,3.8,160.2,2021-12-01
6.1.01,Household goods and services,3.8,161.1,2022-01-01
6.1.01,Household goods and services,3.8,161.8,2022-02-01
6.1.01,Household goods and services,3.8,162.8,2022-03-01
6.1.01,Household goods and services,3.8,163.9,2022-04-01
6.1.01,Household goods and services,3.8,165.3,2022-05-01
6.1.01,Household goods and services,3.8,166.4,2022-06-01
6.1.01,Household goods and services,3.8,167.4,2022-07-01
6.1.01,Household goods and services,3.8,168.5,2022-08-01
6.1.01,Household goods and services,3.8,169.6,2022-09-01
6.1.01,Household goods and services,3.8,170.4,2022-10-01
6.1.01,Household goods and services,3.8,171.5,2022-11-01
6.1.01,Household goods and services,3.8,172.1,2022-12-01
6.1.01,Household goods and services,3.8,172.8,2023-01-01
6.1.01,Household goods and services,3.8,173.7,2023-02-01
6.1.01,Household goods and services,3.8,174.2,2023-03-01
6.1.01,Household goods and services,3.8,174.6,2023-04-01
6.1.01,Household goods and services,3.8,175.2,2023-05-01
6.1.01,Household goods and services,3.8,175.6,2023-06-01
6.1.01,Household goods and services,3.8,176.1,2023-07-01
6.1.01,Household goods and services,3.8,176.5,2023-08-01
6.1.01,Household goods and services,3.8,176.8,2023-09-01
6.1.01,Household goods and services,3.8,177.1,2023-10-01
6.1.01,Household goods and services,3.8,177.5,2023-11-01
6.1.01,Household goods and services,3.8,177.9,2023-12-01
6.1.01,Household goods and services,3.8,178.2,2024-01-01
6.1.01,Household goods and services,3.8,178.6,2024-02-01
6.1.01,Household goods and services,3.8,178.9,2024-03-01
6.1.01,Household goods and services,3.8,179.3,2024-04-01
6.1.01,Household goods and services,3.8,179.6,2024-05-01
6.1.01,Household goods and services,3.8,179.9,2024-06-01
6.1.01,Household goods and services,3.8,180.2,2024-07-01
6.1.01,Household goods and services,3.8,180.9,2024-08-01
6.1.01,Household goods and services,3.8,181.3,2024-09-01
6.1.01,Household goods and services,3.8,181.8,2024-10-01
6.1.01,Household goods and services,3.8,182.4,2024-11-01
6.1.01,Household goods and services,3.8,182.8,2024-12-01
6.1.01,Household goods and services,3.8,183.3,2025-01-01
6.1.01,Household goods and services,3.8,183.7,2025-02-01
6.1.01,Household goods and services,3.8,183.7,2025-03-01
6.1.01,Household goods and services,3.8,183.9,2025-04-01
6.1.02,Health,5.89,125.4,2016-09-01
6.1.02,Health,5.89,126.1,2016-10-01
6.1.02,Health,5.89,126.4,2016-11-01
6.1.02,Health,5.89,126.8,2016-12-01
6.1.02,Health,5.89,127.1,2017-01-01
6.1.02,Health,5.89,127.4,2017-02-01
6.1.02,Health,5.89,127.8,2017-03-01
6.1.02,Health,5.89,128.1,2017-04-01
6.1.02,Health,5.89,128.4,2017-05-01
6.1.02,Health,5.89,128.5,2017-06-01
6.1.02,Health,5.89,129.5,2017-07-01
6.1.02,Health,5.89,130.2,2017-08-01
6.1.02,Health,5.89,130.6,2017-09-01
6.1.02,Health,5.89,131.3,2017-10-01
6.1.02,Health,5.89,132.2,2017-11-01
6.1.02,Health,5.89,133.2,2017-12-01
6.1.02,Health,5.89,133.3,2018-01-01
6.1.02,Health,5.89,133.7,2018-02-01
6.1.02,Health,5.89,134.4,2018-03-01
6.1.02,Health,5.89,135.9,2018-05-01
6.1.02,Health,5.89,136.3,2018-06-01
6.1.02,Health,5.89,136.9,2018-07-01
6.1.02,Health,5.89,137.7,2018-08-01
6.1.02,Health,5.89,141.7,2018-10-01
6.1.02,Health,5.89,142.1,2018-11-01
6.1.02,Health,5.89,145.1,2018-12-01
6.1.02,Health,5.89,145.2,2019-01-01
6.1.02,Health,5.89,145.6,2019-02-01
6.1.02,Health,5.89,146.2,2019-03-01
6.1.02,Health,5.89,146.6,2019-04-01
6.1.02,Health,5.89,146.9,2019-05-01
6.1.02,Health,5.89,147.4,2019-06-01
6.1.02,Health,5.89,147.8,2019-07-01
6.1.02,Health,5.89,148.5,2019-08-01
6.1.02,Health,5.89,149.0,2019-09-01
6.1.02,Health,5.89,149.4,2019-10-01
6.1.02,Health,5.89,149.9,2019-11-01
6.1.02,Health,5.89,150.4,2019-12-01
6.1.02,Health,5.89,151.2,2020-01-01
6.1.02,Health,5.89,151.7,2020-02-01
6.1.02,Health,5.89,152.3,2020-03-01
6.1.02,Health,5.89,150.7,2020-04-01
6.1.02,Health,5.89,153.2,2020-05-01
6.1.02,Health,5.89,153.6,2020-06-01
6.1.02,Health,5.89,154.9,2020-07-01
6.1.02,Health,5.89,155.5,2020-08-01
6.1.02,Health,5.89,156.3,2020-09-01
6.1.02,Health,5.89,158.2,2020-11-01
6.1.02,Health,5.89,159.4,2020-12-01
6.1.02,Health,5.89,160.3,2021-01-01
6.1.02,Health,5.89,161.3,2021-02-01
6.1.02,Health,5.89,161.7,2021-03-01
6.1.02,Health,5.89,162.4,2021-04-01
6.1.02,Health,5.89,165.8,2021-05-01
6.1.02,Health,5.89,166.3,2021-06-01
6.1.02,Health,5.89,167.0,2021-07-01
6.1.02,Health,5.89,167.7,2021-08-01
6.1.02,Health,5.89,168.4,2021-09-01
6.1.02,Health,5.89,169.1,2021-10-01
6.1.02,Health,5.89,169.9,2021-11-01
6.1.02,Health,5.89,170.6,2021-12-01
6.1.02,Health,5.89,171.4,2022-01-01
6.1.02,Health,5.89,172.2,2022-02-01
6.1.02,Health,5.89,173.0,2022-03-01
6.1.02,Health,5.89,174.0,2022-04-01
6.1.02,Health,5.89,174.9,2022-05-01
6.1.02,Health,5.89,175.4,2022-06-01
6.1.02,Health,5.89,176.1,2022-07-01
6.1.02,Health,5.89,176.8,2022-08-01
6.1.02,Health,5.89,177.7,2022-09-01
6.1.02,Health,5.89,178.7,2022-10-01
6.1.02,Health,5.89,179.8,2022-11-01
6.1.02,Health,5.89,181.1,2022-12-01
6.1.02,Health,5.89,182.3,2023-01-01
6.1.02,Health,5.89,183.4,2023-02-01
6.1.02,Health,5.89,184.4,2023-03-01
6.1.02,Health,5.89,185.0,2023-04-01
6.1.02,Health,5.89,185.7,2023-05-01
6.1.02,Health,5.89,186.3,2023-06-01
6.1.02,Health,5.89,187.0,2023-07-01
6.1.02,Health,5.89,187.8,2023-08-01
6.1.02,Health,5.89,188.3,2023-09-01
6.1.02,Health,5.89,189.2,2023-10-01
6.1.02,Health,5.89,189.7,2023-11-01
6.1.02,Health,5.89,190.3,2023-12-01
6.1.02,Health,5.89,191.1,2024-01-01
6.1.02,Health,5.89,191.7,2024-02-01
6.1.02,Health,5.89,192.4,2024-03-01
6.1.02,Health,5.89,192.9,2024-04-01
6.1.02,Health,5.89,193.5,2024-05-01
6.1.02,Health,5.89,194.0,2024-06-01
6.1.02,Health,5.89,194.6,2024-07-01
6.1.02,Health,5.89,195.4,2024-08-01
6.1.02,Health,5.89,196.0,2024-09-01
6.1.02,Health,5.89,196.7,2024-10-01
6.1.02,Health,5.89,197.3,2024-11-01
6.1.02,Health,5.89,198.0,2024-12-01
6.1.02,Health,5.89,198.8,2025-01-01
6.1.02,Health,5.89,199.6,2025-02-01
6.1.02,Health,5.89,200.5,2025-03-01
6.1.02,Health,5.89,201.1,2025-04-01
6.1.03,Transport and communication,8.59,114.3,2016-09-01
6.1.03,Transport and communication,8.59,115.2,2016-10-01
6.1.03,Transport and communication,8.59,115.7,2016-11-01
6.1.03,Transport and communication,8.59,116.0,2016-12-01
6.1.03,Transport and communication,8.59,117.1,2017-01-01
6.1.03,Transport and communication,8.59,117.4,2017-02-01
6.1.03,Transport and communication,8.59,117.6,2017-03-01
6.1.03,Transport and communication,8.59,116.6,2017-04-01
6.1.03,Transport and communication,8.59,116.7,2017-05-01
6.1.03,Transport and communication,8.59,116.5,2017-06-01
6.1.03,Transport and communication,8.59,115.9,2017-07-01
6.1.03,Transport and communication,8.59,117.3,2017-08-01
6.1.03,Transport and communication,8.59,118.3,2017-09-01
6.1.03,Transport and communication,8.59,117.8,2017-10-01
6.1.03,Transport and communication,8.59,118.1,2017-11-01
6.1.03,Transport and communication,8.59,118.5,2017-12-01
6.1.03,Transport and communication,8.59,119.3,2018-01-01
6.1.03,Transport and communication,8.59,120.2,2018-02-01
6.1.03,Transport and communication,8.59,121.0,2018-03-01
6.1.03,Transport and communication,8.59,122.9,2018-05-01
6.1.03,Transport and communication,8.59,123.7,2018-06-01
6.1.03,Transport and communication,8.59,123.6,2018-07-01
6.1.03,Transport and communication,8.59,124.3,2018-08-01
6.1.03,Transport and communication,8.59,126.9,2018-10-01
6.1.03,Transport and communication,8.59,125.5,2018-11-01
6.1.03,Transport and communication,8.59,123.6,2018-12-01
6.1.03,Transport and communication,8.59,123.4,2019-01-01
6.1.03,Transport and communication,8.59,123.9,2019-02-01
6.1.03,Transport and communication,8.59,124.6,2019-03-01
6.1.03,Transport and communication,8.59,124.9,2019-04-01
6.1.03,Transport and communication,8.59,124.9,2019-05-01
6.1.03,Transport and communication,8.59,124.6,2019-06-01
6.1.03,Transport and communication,8.59,125.6,2019-07-01
6.1.03,Transport and communication,8.59,125.8,2019-08-01
6.1.03,Transport and communication,8.59,126.1,2019-09-01
6.1.03,Transport and communication,8.59,126.3,2019-10-01
6.1.03,Transport and communication,8.59,126.6,2019-11-01
6.1.03,Transport and communication,8.59,129.5,2019-12-01
6.1.03,Transport and communication,8.59,130.8,2020-01-01
6.1.03,Transport and communication,8.59,130.3,2020-02-01
6.1.03,Transport and communication,8.59,129.9,2020-03-01
6.1.03,Transport and communication,8.59,133.5,2020-06-01
6.1.03,Transport and communication,8.59,138.1,2020-07-01
6.1.03,Transport and communication,8.59,139.7,2020-08-01
6.1.03,Transport and communication,8.59,140.6,2020-09-01
6.1.03,Transport and communication,8.59,140.6,2020-11-01
6.1.03,Transport and communication,8.59,141.9,2020-12-01
6.1.03,Transport and communication,8.59,143.1,2021-01-01
6.1.03,Transport and communication,8.59,145.1,2021-02-01
6.1.03,Transport and communication,8.59,146.2,2021-03-01
6.1.03,Transport and communication,8.59,146.9,2021-04-01
6.1.03,Transport and communication,8.59,148.9,2021-05-01
6.1.03,Transport and communication,8.59,150.6,2021-06-01
6.1.03,Transport and communication,8.59,153.1,2021-07-01
6.1.03,Transport and communication,8.59,153.9,2021-08-01
6.1.03,Transport and communication,8.59,154.0,2021-09-01
6.1.03,Transport and communication,8.59,155.7,2021-10-01
6.1.03,Transport and communication,8.59,154.8,2021-11-01
6.1.03,Transport and communication,8.59,155.6,2021-12-01
6.1.03,Transport and communication,8.59,156.6,2022-01-01
6.1.03,Transport and communication,8.59,156.9,2022-02-01
6.1.03,Transport and communication,8.59,157.9,2022-03-01
6.1.03,Transport and communication,8.59,162.6,2022-04-01
6.1.03,Transport and communication,8.59,163.1,2022-05-01
6.1.03,Transport and communication,8.59,161.1,2022-06-01
6.1.03,Transport and communication,8.59,161.6,2022-07-01
6.1.03,Transport and communication,8.59,161.9,2022-08-01
6.1.03,Transport and communication,8.59,162.3,2022-09-01
6.1.03,Transport and communication,8.59,162.9,2022-10-01
6.1.03,Transport and communication,8.59,163.0,2022-11-01
6.1.03,Transport and communication,8.59,163.3,2022-12-01
6.1.03,Transport and communication,8.59,163.6,2023-01-01
6.1.03,Transport and communication,8.59,163.9,2023-02-01
6.1.03,Transport and communication,8.59,164.2,2023-03-01
6.1.03,Transport and communication,8.59,164.5,2023-04-01
6.1.03,Transport and communication,8.59,164.8,2023-05-01
6.1.03,Transport and communication,8.59,165.1,2023-06-01
6.1.03,Transport and communication,8.59,165.5,2023-07-01
6.1.03,Transport and communication,8.59,165.9,2023-08-01
6.1.03,Transport and communication,8.59,166.0,2023-09-01
6.1.03,Transport and communication,8.59,166.1,2023-10-01
6.1.03,Transport and communication,8.59,166.4,2023-11-01
6.1.03,Transport and communication,8.59,166.6,2023-12-01
6.1.03,Transport and communication,8.59,166.8,2024-01-01
6.1.03,Transport and communication,8.59,167.0,2024-02-01
6.1.03,Transport and communication,8.59,166.7,2024-03-01
6.1.03,Transport and communication,8.59,166.3,2024-04-01
6.1.03,Transport and communication,8.59,166.4,2024-05-01
6.1.03,Transport and communication,8.59,166.7,2024-06-01
6.1.03,Transport and communication,8.59,169.7,2024-07-01
6.1.03,Transport and communication,8.59,170.4,2024-08-01
6.1.03,Transport and communication,8.59,170.6,2024-09-01
6.1.03,Transport and communication,8.59,170.6,2024-10-01
6.1.03,Transport and communication,8.59,170.8,2024-11-01
6.1.03,Transport and communication,8.59,171.0,2024-12-01
6.1.03,Transport and communication,8.59,171.4,2025-01-01
6.1.03,Transport and communication,8.59,171.8,2025-02-01
6.1.03,Transport and communication,8.59,172.2,2025-03-01
6.1.03,Transport and communication,8.59,172.5,2025-04-01
6.1.04,Recreation and amusement,1.68,123.0,2016-09-01
6.1.04,Recreation and amusement,1.68,123.5,2016-10-01
6.1.04,Recreation and amusement,1.68,124.0,2016-11-01
6.1.04,Recreation and amusement,1.68,124.2,2016-12-01
6.1.04,Recreation and amusement,1.68,124.3,2017-01-01
6.1.04,Recreation and amusement,1.68,124.6,2017-02-01
6.1.04,Recreation and amusement,1.68,124.9,2017-03-01
6.1.04,Recreation and amusement,1.68,125.1,2017-04-01
6.1.04,Recreation and amusement,1.68,125.7,2017-05-01
6.1.04,Recreation and amusement,1.68,125.9,2017-06-01
6.1.04,Recreation and amusement,1.68,126.6,2017-07-01
6.1.04,Recreation and amusement,1.68,127.2,2017-08-01
6.1.04,Recreation and amusement,1.68,127.9,2017-09-01
6.1.04,Recreation and amusement,1.68,128.3,2017-10-01
6.1.04,Recreation and amusement,1.68,128.9,2017-11-01
6.1.04,Recreation and amusement,1.68,129.0,2017-12-01
6.1.04,Recreation and amusement,1.68,129.7,2018-01-01
6.1.04,Recreation and amusement,1.68,129.9,2018-02-01
6.1.04,Recreation and amusement,1.68,130.5,2018-03-01
6.1.04,Recreation and amusement,1.68,131.9,2018-05-01
6.1.04,Recreation and amusement,1.68,132.5,2018-06-01
6.1.04,Recreation and amusement,1.68,133.0,2018-07-01
6.1.04,Recreation and amusement,1.68,133.6,2018-08-01
6.1.04,Recreation and amusement,1.68,134.7,2018-10-01
6.1.04,Recreation and amusement,1.68,136.5,2018-11-01
6.1.04,Recreation and amusement,1.68,136.8,2018-12-01
6.1.04,Recreation and amusement,1.68,136.7,2019-01-01
6.1.04,Recreation and amusement,1.68,137.1,2019-02-01
6.1.04,Recreation and amusement,1.68,137.7,2019-03-01
6.1.04,Recreation and amusement,1.68,138.6,2019-04-01
6.1.04,Recreation and amusement,1.68,139.2,2019-05-01
6.1.04,Recreation and amusement,1.68,139.5,2019-06-01
6.1.04,Recreation and amusement,1.68,140.4,2019-07-01
6.1.04,Recreation and amusement,1.68,141.0,2019-08-01
6.1.04,Recreation and amusement,1.68,141.4,2019-09-01
6.1.04,Recreation and amusement,1.68,141.6,2019-10-01
6.1.04,Recreation and amusement,1.68,142.1,2019-11-01
6.1.04,Recreation and amusement,1.68,142.3,2019-12-01
6.1.04,Recreation and amusement,1.68,142.8,2020-01-01
6.1.04,Recreation and amusement,1.68,143.2,2020-02-01
6.1.04,Recreation and amusement,1.68,143.7,2020-03-01
6.1.04,Recreation and amusement,1.68,143.8,2020-06-01
6.1.04,Recreation and amusement,1.68,148.2,2020-07-01
6.1.04,Recreation and amusement,1.68,146.6,2020-08-01
6.1.04,Recreation and amusement,1.68,146.6,2020-09-01
6.1.04,Recreation and amusement,1.68,148.6,2020-11-01
6.1.04,Recreation and amusement,1.68,149.7,2020-12-01
6.1.04,Recreation and amusement,1.68,150.7,2021-01-01
6.1.04,Recreation and amusement,1.68,151.5,2021-02-01
6.1.04,Recreation and amusement,1.68,152.5,2021-03-01
6.1.04,Recreation and amusement,1.68,153.3,2021-04-01
6.1.04,Recreation and amusement,1.68,156.1,2021-05-01
6.1.04,Recreation and amusement,1.68,155.7,2021-06-01
6.1.04,Recreation and amusement,1.68,155.3,2021-07-01
6.1.04,Recreation and amusement,1.68,156.1,2021-08-01
6.1.04,Recreation and amusement,1.68,157.6,2021-09-01
6.1.04,Recreation and amusement,1.68,158.6,2021-10-01
6.1.04,Recreation and amusement,1.68,159.8,2021-11-01
6.1.04,Recreation and amusement,1.68,160.6,2021-12-01
6.1.04,Recreation and amusement,1.68,161.2,2022-01-01
6.1.04,Recreation and amusement,1.68,162.1,2022-02-01
6.1.04,Recreation and amusement,1.68,163.3,2022-03-01
6.1.04,Recreation and amusement,1.68,164.4,2022-04-01
6.1.04,Recreation and amusement,1.68,165.1,2022-05-01
6.1.04,Recreation and amusement,1.68,165.7,2022-06-01
6.1.04,Recreation and amusement,1.68,166.3,2022-07-01
6.1.04,Recreation and amusement,1.68,166.9,2022-08-01
6.1.04,Recreation and amusement,1.68,167.6,2022-09-01
6.1.04,Recreation and amusement,1.68,168.2,2022-10-01
6.1.04,Recreation and amusement,1.68,168.5,2022-11-01
6.1.04,Recreation and amusement,1.68,168.9,2022-12-01
6.1.04,Recreation and amusement,1.68,169.5,2023-01-01
6.1.04,Recreation and amusement,1.68,169.9,2023-02-01
6.1.04,Recreation and amusement,1.68,170.3,2023-03-01
6.1.04,Recreation and amusement,1.68,170.7,2023-04-01
6.1.04,Recreation and amusement,1.68,171.2,2023-05-01
6.1.04,Recreation and amusement,1.68,171.7,2023-06-01
6.1.04,Recreation and amusement,1.68,172.5,2023-07-01
6.1.04,Recreation and amusement,1.68,172.9,2023-08-01
6.1.04,Recreation and amusement,1.68,173.3,2023-09-01
6.1.04,Recreation and amusement,1.68,173.7,2023-10-01
6.1.04,Recreation and amusement,1.68,173.8,2023-11-01
6.1.04,Recreation and amusement,1.68,174.1,2023-12-01
6.1.04,Recreation and amusement,1.68,174.4,2024-01-01
6.1.04,Recreation and amusement,1.68,174.6,2024-02-01
6.1.04,Recreation and amusement,1.68,175.0,2024-03-01
6.1.04,Recreation and amusement,1.68,175.2,2024-04-01
6.1.04,Recreation and amusement,1.68,175.5,2024-05-01
6.1.04,Recreation and amusement,1.68,175.9,2024-06-01
6.1.04,Recreation and amusement,1.68,176.3,2024-07-01
6.1.04,Recreation and amusement,1.68,176.9,2024-08-01
6.1.04,Recreation and amusement,1.68,177.3,2024-09-01
6.1.04,Recreation and amusement,1.68,178.0,2024-10-01
6.1.04,Recreation and amusement,1.68,178.4,2024-11-01
6.1.04,Recreation and amusement,1.68,178.8,2024-12-01
6.1.04,Recreation and amusement,1.68,179.0,2025-01-01
6.1.04,Recreation and amusement,1.68,179.4,2025-02-01
6.1.04,Recreation and amusement,1.68,179.2,2025-03-01
6.1.04,Recreation and amusement,1.68,179.6,2025-04-01
6.1.05,Education,4.46,131.9,2016-09-01
6.1.05,Education,4.46,132.4,2016-10-01
6.1.05,Education,4.46,132.8,2016-11-01
6.1.05,Education,4.46,133.1,2016-12-01
6.1.05,Education,4.46,133.4,2017-01-01
6.1.05,Education,4.46,133.4,2017-02-01
6.1.05,Education,4.46,133.5,2017-03-01
6.1.05,Education,4.46,134.5,2017-04-01
6.1.05,Education,4.46,134.8,2017-05-01
6.1.05,Education,4.46,135.4,2017-06-01
6.1.05,Education,4.46,136.7,2017-07-01
6.1.05,Education,4.46,137.5,2017-08-01
6.1.05,Education,4.46,137.4,2017-09-01
6.1.05,Education,4.46,137.9,2017-10-01
6.1.05,Education,4.46,138.7,2017-11-01
6.1.05,Education,4.46,138.5,2017-12-01
6.1.05,Education,4.46,139.0,2018-01-01
6.1.05,Education,4.46,138.8,2018-02-01
6.1.05,Education,4.46,139.9,2018-03-01
6.1.05,Education,4.46,142.1,2018-05-01
6.1.05,Education,4.46,143.3,2018-06-01
6.1.05,Education,4.46,144.7,2018-07-01
6.1.05,Education,4.46,145.9,2018-08-01
6.1.05,Education,4.46,146.5,2018-10-01
6.1.05,Education,4.46,147.8,2018-11-01
6.1.05,Education,4.46,150.1,2018-12-01
6.1.05,Education,4.46,150.1,2019-01-01
6.1.05,Education,4.46,150.3,2019-02-01
6.1.05,Education,4.46,150.4,2019-03-01
6.1.05,Education,4.46,151.2,2019-04-01
6.1.05,Education,4.46,151.6,2019-05-01
6.1.05,Education,4.46,152.5,2019-06-01
6.1.05,Education,4.46,153.9,2019-07-01
6.1.05,Education,4.46,154.9,2019-08-01
6.1.05,Education,4.46,155.2,2019-09-01
6.1.05,Education,4.46,155.4,2019-10-01
6.1.05,Education,4.46,155.5,2019-11-01
6.1.05,Education,4.46,155.7,2019-12-01
6.1.05,Education,4.46,156.1,2020-01-01
6.1.05,Education,4.46,156.2,2020-02-01
6.1.05,Education,4.46,156.1,2020-03-01
6.1.05,Education,4.46,160.9,2020-06-01
6.1.05,Education,4.46,159.0,2020-07-01
6.1.05,Education,4.46,157.4,2020-08-01
6.1.05,Education,4.46,158.6,2020-09-01
6.1.05,Education,4.46,159.2,2020-11-01
6.1.05,Education,4.46,159.4,2020-12-01
6.1.05,Education,4.46,159.5,2021-01-01
6.1.05,Education,4.46,159.5,2021-02-01
6.1.05,Education,4.46,160.0,2021-03-01
6.1.05,Education,4.46,160.7,2021-04-01
6.1.05,Education,4.46,161.8,2021-05-01
6.1.05,Education,4.46,161.8,2021-06-01
6.1.05,Education,4.46,163.2,2021-07-01
6.1.05,Education,4.46,163.5,2021-08-01
6.1.05,Education,4.46,163.8,2021-09-01
6.1.05,Education,4.46,163.9,2021-10-01
6.1.05,Education,4.46,164.3,2021-11-01
6.1.05,Education,4.46,164.4,2021-12-01
6.1.05,Education,4.46,164.7,2022-01-01
6.1.05,Education,4.46,165.4,2022-02-01
6.1.05,Education,4.46,165.9,2022-03-01
6.1.05,Education,4.46,166.9,2022-04-01
6.1.05,Education,4.46,167.8,2022-05-01
6.1.05,Education,4.46,169.0,2022-06-01
6.1.05,Education,4.46,171.4,2022-07-01
6.1.05,Education,4.46,172.3,2022-08-01
6.1.05,Education,4.46,173.0,2022-09-01
6.1.05,Education,4.46,173.4,2022-10-01
6.1.05,Education,4.46,173.8,2022-11-01
6.1.05,Education,4.46,174.1,2022-12-01
6.1.05,Education,4.46,174.3,2023-01-01
6.1.05,Education,4.46,174.7,2023-02-01
6.1.05,Education,4.46,175.0,2023-03-01
6.1.05,Education,4.46,176.4,2023-04-01
6.1.05,Education,4.46,176.9,2023-05-01
6.1.05,Education,4.46,179.0,2023-06-01
6.1.05,Education,4.46,180.9,2023-07-01
6.1.05,Education,4.46,181.7,2023-08-01
6.1.05,Education,4.46,182.2,2023-09-01
6.1.05,Education,4.46,182.2,2023-10-01
6.1.05,Education,4.46,182.4,2023-11-01
6.1.05,Education,4.46,182.4,2023-12-01
6.1.05,Education,4.46,182.9,2024-01-01
6.1.05,Education,4.46,183.1,2024-02-01
6.1.05,Education,4.46,183.2,2024-03-01
6.1.05,Education,4.46,183.8,2024-04-01
6.1.05,Education,4.46,184.3,2024-05-01
6.1.05,Education,4.46,185.5,2024-06-01
6.1.05,Education,4.46,187.1,2024-07-01
6.1.05,Education,4.46,188.5,2024-08-01
6.1.05,Education,4.46,189.1,2024-09-01
6.1.05,Education,4.46,189.4,2024-10-01
6.1.05,Education,4.46,189.5,2024-11-01
6.1.05,Education,4.46,189.6,2024-12-01
6.1.05,Education,4.46,189.9,2025-01-01
6.1.05,Education,4.46,190.0,2025-02-01
6.1.05,Education,4.46,190.5,2025-03-01
6.1.05,Education,4.46,191.4,2025-04-01
6.1.06,Personal care and effects,3.89,122.1,2016-09-01
6.1.06,Personal care and effects,3.89,122.1,2016-10-01
6.1.06,Personal care and effects,3.89,122.6,2016-11-01
6.1.06,Personal care and effects,3.89,121.0,2016-12-01
6.1.06,Personal care and effects,3.89,121.7,2017-01-01
6.1.06,Personal care and effects,3.89,122.6,2017-02-01
6.1.06,Personal care and effects,3.89,122.6,2017-03-01
6.1.06,Personal care and effects,3.89,123.1,2017-04-01
6.1.06,Personal care and effects,3.89,123.1,2017-05-01
6.1.06,Personal care and effects,3.89,123.5,2017-06-01
6.1.06,Personal care and effects,3.89,123.6,2017-07-01
6.1.06,Personal care and effects,3.89,124.6,2017-08-01
6.1.06,Personal care and effects,3.89,125.7,2017-09-01
6.1.06,Personal care and effects,3.89,126.2,2017-10-01
6.1.06,Personal care and effects,3.89,126.7,2017-11-01
6.1.06,Personal care and effects,3.89,126.5,2017-12-01
6.1.06,Personal care and effects,3.89,127.3,2018-01-01
6.1.06,Personal care and effects,3.89,127.8,2018-02-01
6.1.06,Personal care and effects,3.89,128.2,2018-03-01
6.1.06,Personal care and effects,3.89,129.9,2018-05-01
6.1.06,Personal care and effects,3.89,130.1,2018-06-01
6.1.06,Personal care and effects,3.89,130.1,2018-07-01
6.1.06,Personal care and effects,3.89,130.1,2018-08-01
6.1.06,Personal care and effects,3.89,132.8,2018-10-01
6.1.06,Personal care and effects,3.89,132.0,2018-11-01
6.1.06,Personal care and effects,3.89,132.3,2018-12-01
6.1.06,Personal care and effects,3.89,132.8,2019-01-01
6.1.06,Personal care and effects,3.89,134.1,2019-02-01
6.1.06,Personal care and effects,3.89,133.4,2019-03-01
6.1.06,Personal care and effects,3.89,133.2,2019-04-01
6.1.06,Personal care and effects,3.89,133.4,2019-05-01
6.1.06,Personal care and effects,3.89,134.3,2019-06-01
6.1.06,Personal care and effects,3.89,135.7,2019-07-01
6.1.06,Personal care and effects,3.89,138.4,2019-08-01
6.1.06,Personal care and effects,3.89,139.7,2019-09-01
6.1.06,Personal care and effects,3.89,140.0,2019-10-01
6.1.06,Personal care and effects,3.89,140.3,2019-11-01
6.1.06,Personal care and effects,3.89,140.5,2019-12-01
6.1.06,Personal care and effects,3.89,142.3,2020-01-01
6.1.06,Personal care and effects,3.89,143.4,2020-02-01
6.1.06,Personal care and effects,3.89,145.2,2020-03-01
6.1.06,Personal care and effects,3.89,151.0,2020-06-01
6.1.06,Personal care and effects,3.89,154.2,2020-07-01
6.1.06,Personal care and effects,3.89,158.4,2020-08-01
6.1.06,Personal care and effects,3.89,156.9,2020-09-01
6.1.06,Personal care and effects,3.89,157.1,2020-11-01
6.1.06,Personal care and effects,3.89,156.8,2020-12-01
6.1.06,Personal care and effects,3.89,157.4,2021-01-01
6.1.06,Personal care and effects,3.89,155.8,2021-02-01
6.1.06,Personal care and effects,3.89,153.8,2021-03-01
6.1.06,Personal care and effects,3.89,155.4,2021-04-01
6.1.06,Personal care and effects,3.89,159.5,2021-05-01
6.1.06,Personal care and effects,3.89,158.9,2021-06-01
6.1.06,Personal care and effects,3.89,160.1,2021-07-01
6.1.06,Personal care and effects,3.89,160.0,2021-08-01
6.1.06,Personal care and effects,3.89,160.0,2021-09-01
6.1.06,Personal care and effects,3.89,160.8,2021-10-01
6.1.06,Personal care and effects,3.89,162.2,2021-11-01
6.1.06,Personal care and effects,3.89,162.6,2021-12-01
6.1.06,Personal care and effects,3.89,163.0,2022-01-01
6.1.06,Personal care and effects,3.89,164.3,2022-02-01
6.1.06,Personal care and effects,3.89,167.2,2022-03-01
6.1.06,Personal care and effects,3.89,168.8,2022-04-01
6.1.06,Personal care and effects,3.89,168.4,2022-05-01
6.1.06,Personal care and effects,3.89,169.4,2022-06-01
6.1.06,Personal care and effects,3.89,169.7,2022-07-01
6.1.06,Personal care and effects,3.89,171.2,2022-08-01
6.1.06,Personal care and effects,3.89,170.9,2022-09-01
6.1.06,Personal care and effects,3.89,172.1,2022-10-01
6.1.06,Personal care and effects,3.89,173.6,2022-11-01
6.1.06,Personal care and effects,3.89,175.8,2022-12-01
6.1.06,Personal care and effects,3.89,178.6,2023-01-01
6.1.06,Personal care and effects,3.89,179.9,2023-02-01
6.1.06,Personal care and effects,3.89,181.0,2023-03-01
6.1.06,Personal care and effects,3.89,184.0,2023-04-01
6.1.06,Personal care and effects,3.89,185.1,2023-05-01
6.1.06,Personal care and effects,3.89,184.7,2023-06-01
6.1.06,Personal care and effects,3.89,184.9,2023-07-01
6.1.06,Personal care and effects,3.89,185.1,2023-08-01
6.1.06,Personal care and effects,3.89,185.5,2023-09-01
6.1.06,Personal care and effects,3.89,185.6,2023-10-01
6.1.06,Personal care and effects,3.89,187.2,2023-11-01
6.1.06,Personal care and effects,3.89,188.6,2023-12-01
6.1.06,Personal care and effects,3.89,189.2,2024-01-01
6.1.06,Personal care and effects,3.89,189.3,2024-02-01
6.1.06,Personal care and effects,3.89,191.9,2024-03-01
6.1.06,Personal care and effects,3.89,197.7,2024-04-01
6.1.06,Personal care and effects,3.89,199.5,2024-05-01
6.1.06,Personal care and effects,3.89,199.8,2024-06-01
6.1.06,Personal care and effects,3.89,200.4,2024-07-01
6.1.06,Personal care and effects,3.89,199.8,2024-08-01
6.1.06,Personal care and effects,3.89,202.2,2024-09-01
6.1.06,Personal care and effects,3.89,206.0,2024-10-01
6.1.06,Personal care and effects,3.89,206.7,2024-11-01
6.1.06,Personal care and effects,3.89,206.9,2024-12-01
6.1.06,Personal care and effects,3.89,209.1,2025-01-01
6.1.06,Personal care and effects,3.89,215.0,2025-02-01
6.1.06,Personal care and effects,3.89,217.8,2025-03-01
6.1.06,Personal care and effects,3.89,223.2,2025-04-01
